channel_id,site_store,region,store_type,urbanization,b2b_b2c
ST,60000003,KVMN,Siêu thị,Nội thành,B2B
ST,60000006,KVMN,Siêu thị,Nội thành,B2B
ST,60000007,KVMN,Siêu thị,Nội thành,B2B
ST,60000008,KVMN,Siêu thị,Nội thành,B2B
ST,60000534,KVMN,Siêu thị,Nội thành,B2B
ST,60000535,KVMN,Siêu thị,Nội thành,B2B
ST,60000536,KVMN,Siêu thị,Nội thành,B2B
ST,60000537,KVMN,Siêu thị,Nội thành,B2B
ST,60000538,KVMN,Siêu thị,TT hành chính kinh tế,B2B
ST,60000539,KVMN,Siêu thị,Nội thành,B2B
ST,60000540,KVMN,Siêu thị,Nội thành,B2B
ST,60000541,KVMN,Siêu thị,Nội thành,B2B
ST,60000542,KVMN,Siêu thị,Nội thành,B2B
ST,60000543,KVMN,Siêu thị,Nội thành,B2B
ST,60000545,KVMN,Siêu thị,Nội thành,B2B
ST,60000546,KVMN,Siêu thị,Nội thành,B2B
ST,60000547,KVMN,Siêu thị,Nội thành,B2B
ST,60000548,KVMN,Siêu thị,Nội thành,B2B
ST,60000549,KVMN,Siêu thị,Nội thành,B2B
ST,60000551,KVMN,Siêu thị,Nội thành,B2B
ST,60000552,KVMN,Siêu thị,Nội thành,B2B
ST,60000553,KVMN,Siêu thị,Nội thành,B2B
ST,60000554,KVMN,Siêu thị,Nội thành,B2B
ST,60000555,KVMN,Siêu thị,Nội thành,B2B
ST,60000556,KVMN,Siêu thị,Nội thành,B2B
ST,60000558,KVMN,Siêu thị,Nội thành,B2B
ST,60000559,KVMN,Siêu thị,Nội thành,B2B
ST,60001167,KVMN,Siêu thị,Nội thành,B2B
ST,60002010,KVMN,Siêu thị,Nội thành,B2B
ST,60002100,KVMN,Siêu thị,Nội thành,B2B
ST,60002115,KVMN,Siêu thị,Nội thành,B2B
ST,60002151,KVMN,Siêu thị,Nội thành,B2B
ST,60002180,KVMN,Siêu thị,Nội thành,B2B
ST,60002256,KVMN,Siêu thị,Nội thành,B2B
ST,60002271,KVMN,Siêu thị,Nội thành,B2B
ST,60002284,KVMN,Siêu thị,Nội thành,B2B
ST,60002304,KVMN,Siêu thị,Nội thành,B2B
ST,60002335,KVMN,Siêu thị,Nông thôn,B2B
ST,60002360,KVMN,Siêu thị,Nội thành,B2B
ST,60002401,KVMN,Siêu thị,Nội thành,B2B
ST,60002460,KVMN,Siêu thị,Nông thôn,B2B
ST,60002540,KVMN,Siêu thị,Nội thành,B2B
ST,60002621,KVMN,Siêu thị,Nội thành,B2B
ST,60002720,KVMN,Siêu thị,Nội thành,B2B
ST,60002766,KVMN,Siêu thị,Nội thành,B2B
ST,60002855,KVMN,Siêu thị,Nội thành,B2B
ST,60002925,KVMN,Siêu thị,Nội thành,B2B
ST,60002934,KVMN,Siêu thị,Nội thành,B2B
ST,60002962,KVMN,Siêu thị,Nội thành,B2B
ST,60002963,KVMN,Siêu thị,Nội thành,B2B
ST,60002964,KVMN,Siêu thị,Nông thôn,B2B
ST,60002998,KVMN,Siêu thị,Nông thôn,B2B
ST,60003007,KVMN,Siêu thị,Nội thành,B2B
ST,60003008,KVMN,Siêu thị,Nội thành,B2B
ST,60003009,KVMN,Siêu thị,Nội thành,B2B
ST,60003015,KVMN,Siêu thị,Nội thành,B2B
ST,60003016,KVMN,Siêu thị,Nội thành,B2B
ST,60003017,KVMN,Siêu thị,Nội thành,B2B
ST,60003018,KVMN,Siêu thị,Nội thành,B2B
ST,60003026,KVMN,Siêu thị,Nội thành,B2B
ST,60003037,KVMN,Siêu thị,Nội thành,B2B
ST,60003077,KVMN,Siêu thị,Nội thành,B2B
ST,60003241,KVMN,Siêu thị,Nội thành,B2B
ST,60003255,KVMN,Siêu thị,Nội thành,B2B
ST,60003259,KVMN,Siêu thị,Nông thôn,B2B
ST,60003278,KVMN,Siêu thị,Nội thành,B2B
ST,60003300,KVMN,Siêu thị,Nội thành,B2B
ST,60003307,KVMN,Siêu thị,Nông thôn,B2B
ST,60003314,KVMN,Siêu thị,Nông thôn,B2B
ST,60003395,KVMN,Siêu thị,Nội thành,B2B
ST,60003396,KVMN,Siêu thị,Nội thành,B2B
ST,60003397,KVMN,Siêu thị,Nội thành,B2B
ST,60003410,KVMN,Siêu thị,Nội thành,B2B
ST,60003415,KVMN,Siêu thị,Nội thành,B2B
ST,60003450,KVMN,Siêu thị,Nông thôn,B2B
ST,60003482,KVMN,Siêu thị,Nông thôn,B2B
ST,60003496,KVMN,Siêu thị,Nội thành,B2B
ST,60003505,KVMN,Siêu thị,Nông thôn,B2B
ST,60003517,KVMN,Siêu thị,Nông thôn,B2B
ST,60003526,KVMN,Siêu thị,Nông thôn,B2B
ST,60003553,KVMN,Siêu thị,Nông thôn,B2B
ST,60003555,KVMN,Siêu thị,Nội thành,B2B
ST,60003556,KVMN,Siêu thị,Nông thôn,B2B
ST,60001451,KVMB,Siêu thị,Nội thành,B2B
ST,60001462,KVMB,Siêu thị,Nội thành,B2B
ST,60001633,KVMB,Siêu thị,Nội thành,B2B
ST,60001815,KVMB,Siêu thị,Nội thành,B2B
ST,60001883,KVMB,Siêu thị,Nội thành,B2B
ST,60002140,KVMB,Siêu thị,Nội thành,B2B
ST,60002240,KVMB,Siêu thị,Nội thành,B2B
ST,60002370,KVMB,Siêu thị,Nội thành,B2B
ST,60002371,KVMB,Siêu thị,Nội thành,B2B
ST,60002469,KVMB,Siêu thị,Nội thành,B2B
ST,60002556,KVMB,Siêu thị,Nội thành,B2B
ST,60002557,KVMB,Siêu thị,Nội thành,B2B
ST,60002559,KVMB,Siêu thị,Nội thành,B2B
ST,60002560,KVMB,Siêu thị,Nội thành,B2B
ST,60002568,KVMB,Siêu thị,Nội thành,B2B
ST,60002569,KVMB,Siêu thị,Nội thành,B2B
ST,60002691,KVMB,Siêu thị,Nội thành,B2B
ST,60002692,KVMB,Siêu thị,Nội thành,B2B
ST,60002840,KVMB,Siêu thị,Nội thành,B2B
ST,60002841,KVMB,Siêu thị,Nội thành,B2B
ST,60002918,KVMB,Siêu thị,Nội thành,B2B
ST,60002923,KVMB,Siêu thị,Nội thành,B2B
ST,60003004,KVMB,Siêu thị,Nội thành,B2B
ST,60003035,KVMB,Siêu thị,Nội thành,B2B
ST,60003133,KVMB,Siêu thị,Nội thành,B2B
ST,60003285,KVMB,Siêu thị,Nội thành,B2B
ST,60003315,KVMB,Siêu thị,Nội thành,B2B
ST,60003376,KVMB,Siêu thị,Nội thành,B2B
ST,60003382,KVMB,Siêu thị,Nội thành,B2B
ST,60003385,KVMB,Siêu thị,Nội thành,B2B
ST,60003400,KVMB,Siêu thị,Nội thành,B2B
ST,60003455,KVMB,Siêu thị,Nội thành,B2B
ST,60003501,KVMB,Siêu thị,Nội thành,B2B
ST,60001228,KVMB,Siêu thị,Nội thành,B2B
ST,60001260,KVMTR,Siêu thị,Nội thành,B2B
ST,60001280,KVMTR,Siêu thị,Nội thành,B2B
ST,60001284,KVMTR,Siêu thị,Nội thành,B2B
ST,60001327,KVMTR,Siêu thị,Nội thành,B2B
ST,60001329,KVMTR,Siêu thị,Nội thành,B2B
ST,60001347,KVMTR,Siêu thị,Nội thành,B2B
ST,60001386,KVMB,Siêu thị,Nội thành,B2B
ST,60001427,KVMTR,Siêu thị,Nội thành,B2B
ST,60002138,KVMB,Siêu thị,Nội thành,B2B
ST,60002326,KVMB,Siêu thị,Nội thành,B2B
ST,60002975,KVMTR,Siêu thị,Nội thành,B2B
ST,60003003,KVMTR,Siêu thị,TT hành chính kinh tế,B2B
ST,60003135,KVMTR,Siêu thị,Nông thôn,B2B
ST,60000681,KVMT,Siêu thị,Nội thành,B2B
ST,60000743,KVMT,Siêu thị,TT hành chính kinh tế,B2B
ST,60000811,KVMT,Siêu thị,Nội thành,B2B
ST,60000837,KVMT,Siêu thị,Nội thành,B2B
ST,60000909,KVMT,Siêu thị,Nội thành,B2B
ST,60002157,KVMT,Siêu thị,Nội thành,B2B
ST,60002166,KVMT,Siêu thị,Nội thành,B2B
ST,60002229,KVMT,Siêu thị,Nội thành,B2B
ST,60002230,KVMT,Siêu thị,Nội thành,B2B
ST,60002440,KVMT,Siêu thị,Nội thành,B2B
ST,60002715,KVMT,Siêu thị,Nội thành,B2B
ST,60003011,KVMT,Siêu thị,TT hành chính kinh tế,B2B
ST,60003061,KVMT,Siêu thị,Nội thành,B2B
ST,60003110,KVMT,Siêu thị,Nội thành,B2B
ST,60003132,KVMT,Siêu thị,Nội thành,B2B
ST,60003320,KVMT,Siêu thị,Nông thôn,B2B
ST,60003321,KVMT,Siêu thị,Nội thành,B2B
ST,60003471,KVMT,Siêu thị,Nông thôn,B2B
ST,60003497,KVMT,Siêu thị,Nông thôn,B2B
ST,60003550,KVMT,Siêu thị,Nông thôn,B2B
ST,60000924,KVTN,Siêu thị,Nội thành,B2B
ST,60000928,KVTN,Siêu thị,Nội thành,B2B
ST,60001143,KVTN,Siêu thị,Nội thành,B2B
ST,60001194,KVTN,Siêu thị,Nội thành,B2B
ST,60002015,KVTN,Siêu thị,Nội thành,B2B
ST,60002150,KVTN,Siêu thị,Nội thành,B2B
ST,60002394,KVTN,Siêu thị,Nội thành,B2B
ST,60002422,KVTN,Siêu thị,Nội thành,B2B
ST,60002545,KVTN,Siêu thị,Nội thành,B2B
ST,60002690,KVTN,Siêu thị,Nội thành,B2B
ST,60002843,KVTN,Siêu thị,Nông thôn,B2B
ST,60002849,KVTN,Siêu thị,Nội thành,B2B
ST,60003063,KVTN,Siêu thị,Nội thành,B2B
ST,60003225,KVTN,Siêu thị,Nội thành,B2B
ST,60003257,KVTN,Siêu thị,Nông thôn,B2B
ST,60003270,KVTN,Siêu thị,Nội thành,B2B
ST,60003530,KVTN,Siêu thị,Nông thôn,B2B
ST,60003590,KVMN,Siêu thị,Nội thành,B2B
ST,60003595,KVMN,Siêu thị,Nội thành,B2B
ST,60003652,KVMN,Siêu thị,Nội thành,B2B
ST,60003653,KVMN,Siêu thị,Nội thành,B2B
ST,60003657,KVMN,Siêu thị,Nội thành,B2B
ST,60003658,KVMN,Siêu thị,Nội thành,B2B
ST,60003659,KVMN,Siêu thị,Nội thành,B2B
ST,60003686,KVMN,Siêu thị,Nông thôn,B2B
ST,60003687,KVMN,Siêu thị,Nội thành,B2B
ST,60003691,KVMN,Siêu thị,Nông thôn,B2B
ST,60003641,KVMB,Siêu thị,Nội thành,B2B
ST,60003642,KVMB,Siêu thị,Nội thành,B2B
ST,60003643,KVMB,Siêu thị,Nội thành,B2B
ST,60003644,KVMB,Siêu thị,Nội thành,B2B
ST,60003656,KVMB,Siêu thị,Nội thành,B2B
ST,60003560,KVMTR,Siêu thị,Nội thành,B2B
ST,60003685,KVMT,Siêu thị,Nội thành,B2B
ST,60003689,KVTN,Siêu thị,Nông thôn,B2B
ST,60002760,KVMN,Siêu thị,Nội thành,B2B
ST,60003295,KVMN,Siêu thị,Nội thành,B2B
ST,60003741,KVMN,Siêu thị,Nội thành,B2B
ST,60003697,KVMTR,Siêu thị,Nội thành,B2B
ST,60003695,KVMT,Siêu thị,Nội thành,B2B
ST,60003715,KVTN,Siêu thị,Nội thành,B2B
ST,60003790,KVMN,Siêu thị,Nội thành,B2B
ST,60000544,KVMN,Siêu thị,Khác,B2B
ST,60001398,KVMN,Siêu thị,Khác,B2B
ST,60001408,KVMN,Siêu thị,Khác,B2B
ST,60002205,KVMN,Siêu thị,Khác,B2B
ST,60002222,KVMN,Siêu thị,Khác,B2B
ST,60002473,KVMN,Siêu thị,Khác,B2B
ST,60002164,KVMB,Siêu thị,Khác,B2B
ST,60002470,KVMB,Siêu thị,Khác,B2B
ST,60002685,KVMB,Siêu thị,Khác,B2B
ST,60002844,KVMB,Siêu thị,Khác,B2B
ST,60001411,KVMT,Siêu thị,Khác,B2B
ST,60001392,KVTN,Siêu thị,Khác,B2B
ST,60000009,KVMN,Siêu thị,Khác,B2B
ST,60002836,KVMB,Siêu thị,Khác,B2B
ST,60002740,KVMN,Siêu thị,Khác,B2B
ST,60002410,KVMB,Siêu thị,Khác,B2B
ST,60002555,KVMB,Siêu thị,Khác,B2B
ST,60002558,KVMB,Siêu thị,Khác,B2B
ST,60002646,KVMB,Siêu thị,Khác,B2B
ST,60002837,KVMB,Siêu thị,Khác,B2B
ST,60002838,KVMB,Siêu thị,Khác,B2B
ST,60002839,KVMB,Siêu thị,Khác,B2B
ST,60002847,KVMB,Siêu thị,Khác,B2B
ST,60003032,KVMB,Siêu thị,Khác,B2B
ST,60003054,KVMB,Siêu thị,Khác,B2B
ST,60003174,KVMB,Siêu thị,Khác,B2B
ST,60003186,KVMB,Siêu thị,Khác,B2B
ST,60002562,KVMB,Siêu thị,Khác,B2B
ST,60002846,KVTN,Siêu thị,Khác,B2B
ST,60003190,KVMB,Siêu thị,Khác,B2B
ST,60003261,KVMT,Siêu thị,Khác,B2B
ST,60003025,KVMB,Siêu thị,Khác,B2B
ST,60002899,KVMN,Siêu thị,Khác,B2B
ST,60002905,KVMN,Siêu thị,Khác,B2B
ST,60002916,KVMB,Siêu thị,Khác,B2B
ST,60002917,KVMB,Siêu thị,Khác,B2B
ST,60002920,KVMB,Siêu thị,Khác,B2B
ST,60002928,KVTN,Siêu thị,Khác,B2B
ST,60002946,KVMB,Siêu thị,Khác,B2B
ST,60002947,KVMB,Siêu thị,Khác,B2B
ST,60002950,KVMT,Siêu thị,Khác,B2B
ST,60002951,KVMN,Siêu thị,Khác,B2B
ST,60002965,KVMB,Siêu thị,Khác,B2B
ST,60002973,KVMN,Siêu thị,Khác,B2B
ST,60003000,KVMN,Siêu thị,Khác,B2B
ST,60003014,KVMT,Siêu thị,Khác,B2B
ST,60003044,KVMB,Siêu thị,Khác,B2B
ST,60003045,KVMN,Siêu thị,Khác,B2B
ST,60003083,KVTN,Siêu thị,Khác,B2B
ST,60003086,KVMN,Siêu thị,Khác,B2B
ST,60003087,KVMN,Siêu thị,Khác,B2B
ST,60003811,KVMB,Siêu thị,Khác,B2B
ST,60003817,KVMT,Siêu thị,Khác,B2B
TGPP,40000119,KVMN,Khác,Khác,B2B
TGPP,40000139,KVMN,Khác,Khác,B2B
TGPP,60000013,KVMN,Độc lập,Nội thành,B2B
TGPP,60000014,KVMN,Độc lập,Nội thành,B2B
TGPP,60000016,KVMN,Độc lập,Nội thành,B2B
TGPP,60000021,KVMN,Độc lập,Nội thành,B2B
TGPP,60000025,KVMN,Độc lập,Nội thành,B2B
TGPP,60000027,KVMN,Độc lập,Nội thành,B2B
TGPP,60000029,KVMN,Độc lập,Nội thành,B2B
TGPP,60000031,KVMN,Độc lập,Nội thành,B2B
TGPP,60000036,KVMN,Độc lập,Nội thành,B2B
TGPP,60000038,KVMN,Độc lập,Nội thành,B2B
TGPP,60000039,KVMN,Độc lập,Nội thành,B2B
TGPP,60000041,KVMN,Độc lập,Nội thành,B2B
TGPP,60000042,KVMN,Độc lập,Nội thành,B2B
TGPP,60000044,KVMN,Độc lập,Nội thành,B2B
TGPP,60000046,KVMN,Độc lập,Nội thành,B2B
TGPP,60000047,KVMN,Độc lập,Nội thành,B2B
TGPP,60000050,KVMN,Độc lập,Nội thành,B2B
TGPP,60000052,KVMN,Độc lập,Nội thành,B2B
TGPP,60000057,KVMN,Độc lập,Nội thành,B2B
TGPP,60000058,KVMN,Độc lập,Nội thành,B2B
TGPP,60000060,KVMN,Độc lập,Nội thành,B2B
TGPP,60000061,KVMN,Độc lập,Nội thành,B2B
TGPP,60000062,KVMN,Độc lập,Nội thành,B2B
TGPP,60000063,KVMN,Độc lập,Nội thành,B2B
TGPP,60000066,KVMN,Độc lập,Nội thành,B2B
TGPP,60000072,KVMN,Độc lập,Nội thành,B2B
TGPP,60000079,KVMN,Độc lập,Nội thành,B2B
TGPP,60000085,KVMN,Độc lập,Nội thành,B2B
TGPP,60000087,KVMN,Độc lập,Nội thành,B2B
TGPP,60000093,KVMN,Độc lập,Nội thành,B2B
TGPP,60000100,KVMN,Độc lập,Nội thành,B2B
TGPP,60000102,KVMN,Độc lập,Nội thành,B2B
TGPP,60000104,KVMN,Độc lập,Nội thành,B2B
TGPP,60000105,KVMN,Độc lập,Nội thành,B2B
TGPP,60000110,KVMN,Độc lập,Nội thành,B2B
TGPP,60000118,KVMN,Độc lập,Nội thành,B2B
TGPP,60000126,KVMN,Độc lập,TT hành chính kinh tế,B2B
TGPP,60000130,KVMN,Độc lập,Nội thành,B2B
TGPP,60000132,KVMN,Độc lập,Nội thành,B2B
TGPP,60000133,KVMN,Độc lập,Nội thành,B2B
TGPP,60000139,KVMN,Độc lập,Nội thành,B2B
TGPP,60000144,KVMN,Độc lập,Nội thành,B2B
TGPP,60000145,KVMN,Độc lập,Nội thành,B2B
TGPP,60000146,KVMN,Độc lập,Nội thành,B2B
TGPP,60000147,KVMN,Độc lập,Nội thành,B2B
TGPP,60000151,KVMN,Độc lập,Nội thành,B2B
TGPP,60000152,KVMN,Độc lập,Nội thành,B2B
TGPP,60000154,KVMN,Độc lập,Nội thành,B2B
TGPP,60000157,KVMN,Độc lập,Nội thành,B2B
TGPP,60000158,KVMN,Độc lập,Nội thành,B2B
TGPP,60000160,KVMN,Độc lập,Nội thành,B2B
TGPP,60000166,KVMN,Độc lập,Nội thành,B2B
TGPP,60000168,KVMN,Độc lập,Nội thành,B2B
TGPP,60000169,KVMN,Độc lập,Nội thành,B2B
TGPP,60000173,KVMN,Độc lập,Nội thành,B2B
TGPP,60000176,KVMN,Độc lập,Nội thành,B2B
TGPP,60000181,KVMN,Độc lập,Nội thành,B2B
TGPP,60000183,KVMN,Độc lập,Nội thành,B2B
TGPP,60000185,KVMN,Độc lập,Nội thành,B2B
TGPP,60000188,KVMN,Độc lập,Nội thành,B2B
TGPP,60000190,KVMN,Độc lập,Nội thành,B2B
TGPP,60000196,KVMN,Độc lập,Nội thành,B2B
TGPP,60000198,KVMN,Độc lập,Nội thành,B2B
TGPP,60000199,KVMN,Độc lập,Nội thành,B2B
TGPP,60000219,KVMN,Độc lập,Khác,B2B
TGPP,60000226,KVMN,Độc lập,Nông thôn,B2B
TGPP,60000254,KVMN,Độc lập,Nội thành,B2B
TGPP,60000299,KVMN,Độc lập,Khác,B2B
TGPP,60000319,KVMN,Độc lập,Nội thành,B2B
TGPP,60000323,KVMN,Độc lập,Nông thôn,B2B
TGPP,60000335,KVMN,Độc lập,Nông thôn,B2B
TGPP,60000336,KVMN,Độc lập,Nông thôn,B2B
TGPP,60000381,KVMN,Độc lập,Nội thành,B2B
TGPP,60000412,KVMN,Độc lập,Khác,B2B
TGPP,60000418,KVMN,Độc lập,Nội thành,B2B
TGPP,60000435,KVMN,Độc lập,Nông thôn,B2B
TGPP,60000440,KVMN,Độc lập,Nông thôn,B2B
TGPP,60000444,KVMN,Độc lập,Nông thôn,B2B
TGPP,60000453,KVMN,Độc lập,Nông thôn,B2B
TGPP,60000458,KVMN,Độc lập,Nông thôn,B2B
TGPP,60000460,KVMN,Độc lập,Nông thôn,B2B
TGPP,60000466,KVMN,Độc lập,Nông thôn,B2B
TGPP,60000473,KVMN,Độc lập,Nông thôn,B2B
TGPP,60000486,KVMN,Độc lập,Nông thôn,B2B
TGPP,60000495,KVMN,Độc lập,Nội thành,B2B
TGPP,60000500,KVMN,Độc lập,Nông thôn,B2B
TGPP,60000503,KVMN,Độc lập,Nội thành,B2B
TGPP,60000504,KVMN,Độc lập,Nội thành,B2B
TGPP,60000526,KVMN,Độc lập,Nội thành,B2B
TGPP,60000527,KVMN,Độc lập,Nội thành,B2B
TGPP,60000606,KVMN,Độc lập,Khác,B2B
TGPP,60001380,KVMN,Độc lập,Nội thành,B2B
TGPP,60001423,KVMN,Độc lập,Nội thành,B2B
TGPP,60002070,KVMN,Độc lập,Nông thôn,B2B
TGPP,60002075,KVMN,Độc lập,Nông thôn,B2B
TGPP,60002136,KVMN,Độc lập,Nông thôn,B2B
TGPP,60002145,KVMN,Độc lập,Nông thôn,B2B
TGPP,60002170,KVMN,Độc lập,Nội thành,B2B
TGPP,60002228,KVMN,Độc lập,Nội thành,B2B
TGPP,60002239,KVMN,Độc lập,Nông thôn,B2B
TGPP,60002374,KVMN,Khác,Khác,B2B
TGPP,60002390,KVMN,Độc lập,Nội thành,B2B
TGPP,60002392,KVMN,Độc lập,Nội thành,B2B
TGPP,60002585,KVMN,Khác,Nội thành,B2B
TGPP,60002757,KVMN,Độc lập,Nội thành,B2B
TGPP,60002787,KVMN,Độc lập,Nội thành,B2B
TGPP,60002820,KVMN,Độc lập,Nội thành,B2B
TGPP,60002851,KVMN,Độc lập,Nội thành,B2B
TGPP,60002879,KVMN,Độc lập,Nội thành,B2B
TGPP,60002896,KVMN,Độc lập,Nông thôn,B2B
TGPP,60002939,KVMN,Độc lập,Nội thành,B2B
TGPP,60002991,KVMN,Độc lập,Nội thành,B2B
TGPP,60003019,KVMN,Độc lập,Nội thành,B2B
TGPP,60003042,KVMN,Độc lập,Nông thôn,B2B
TGPP,60003097,KVMN,Độc lập,Nội thành,B2B
TGPP,60003114,KVMN,Độc lập,Nội thành,B2B
TGPP,60003201,KVMN,Độc lập,Nội thành,B2B
TGPP,60003207,KVMN,Độc lập,Khác,B2B
TGPP,60003211,KVMN,Độc lập,Nội thành,B2B
TGPP,60003230,KVMN,Độc lập,Nội thành,B2B
TGPP,60003271,KVMN,Độc lập,Nội thành,B2B
TGPP,60003281,KVMN,Độc lập,Nông thôn,B2B
TGPP,60003290,KVMN,Độc lập,Nội thành,B2B
TGPP,60003291,KVMN,Độc lập,Nội thành,B2B
TGPP,60003297,KVMN,Độc lập,Nông thôn,B2B
TGPP,60003360,KVMN,Độc lập,Nông thôn,B2B
TGPP,60003377,KVMN,Độc lập,Nội thành,B2B
TGPP,60003417,KVMN,Độc lập,Nội thành,B2B
TGPP,60003472,KVMN,Độc lập,Nội thành,B2B
TGPP,60003475,KVMN,Khác,Nội thành,B2B
TGPP,60003485,KVMN,Độc lập,Nông thôn,B2B
TGPP,60003493,KVMN,Độc lập,Nông thôn,B2B
TGPP,60003495,KVMN,Độc lập,Nội thành,B2B
TGPP,40000166,KVMB,Khác,Khác,B2B
TGPP,40000170,KVMB,Khác,Khác,B2B
TGPP,40000171,KVMB,Khác,Khác,B2B
TGPP,60001484,KVMB,Độc lập,Nội thành,B2B
TGPP,60001497,KVMB,Độc lập,Nội thành,B2B
TGPP,60001538,KVMB,Độc lập,Nội thành,B2B
TGPP,60001605,KVMB,Độc lập,Nội thành,B2B
TGPP,60001622,KVMB,Độc lập,Nông thôn,B2B
TGPP,60001627,KVMB,Độc lập,Nội thành,B2B
TGPP,60001634,KVMB,Độc lập,Nội thành,B2B
TGPP,60001638,KVMB,Độc lập,Nội thành,B2B
TGPP,60001651,KVMB,Độc lập,Nội thành,B2B
TGPP,60001694,KVMB,Độc lập,Nông thôn,B2B
TGPP,60001695,KVMB,Độc lập,Nông thôn,B2B
TGPP,60001730,KVMB,Độc lập,Khác,B2B
TGPP,60001756,KVMB,Độc lập,Khác,B2B
TGPP,60001762,KVMB,Độc lập,Khác,B2B
TGPP,60001765,KVMB,Độc lập,Khác,B2B
TGPP,60001769,KVMB,Độc lập,Khác,B2B
TGPP,60001785,KVMB,Độc lập,Nội thành,B2B
TGPP,60001799,KVMB,Độc lập,Nông thôn,B2B
TGPP,60001870,KVMB,Độc lập,Nội thành,B2B
TGPP,60001888,KVMB,Độc lập,Nội thành,B2B
TGPP,60002031,KVMB,Độc lập,Nội thành,B2B
TGPP,60002132,KVMB,Độc lập,Khác,B2B
TGPP,60002611,KVMB,Độc lập,Nội thành,B2B
TGPP,60002705,KVMB,Độc lập,Nội thành,B2B
TGPP,60002790,KVMB,Độc lập,Khác,B2B
TGPP,60002906,KVMB,Độc lập,Nội thành,B2B
TGPP,60003021,KVMB,Độc lập,Nội thành,B2B
TGPP,60003036,KVMB,Độc lập,Nội thành,B2B
TGPP,60003038,KVMB,Độc lập,Nội thành,B2B
TGPP,60003064,KVMB,Độc lập,Khác,B2B
TGPP,60003243,KVMB,Độc lập,Nội thành,B2B
TGPP,60003341,KVMB,Độc lập,Nông thôn,B2B
TGPP,60003356,KVMB,Độc lập,Nội thành,B2B
TGPP,60003420,KVMB,Độc lập,Nông thôn,B2B
TGPP,60003498,KVMB,Độc lập,Nội thành,B2B
TGPP,60003557,KVMB,Độc lập,Nội thành,B2B
TGPP,20000060,Trung Quốc,Độc lập,Khác,B2B
TGPP,20000061,Trung Quốc,Độc lập,Khác,B2B
TGPP,20000062,Trung Quốc,Độc lập,Khác,B2B
TGPP,20000064,Trung Quốc,Độc lập,Khác,B2B
TGPP,20000065,Trung Quốc,Khác,Khác,B2B
TGPP,20000070,Trung Quốc,Độc lập,Khác,B2B
TGPP,20000071,Trung Quốc,Độc lập,Khác,B2B
TGPP,20000072,Trung Quốc,Độc lập,Khác,B2B
TGPP,20000075,Trung Quốc,Độc lập,Khác,B2B
TGPP,20000190,Trung Quốc,Độc lập,Khác,B2B
TGPP,20000191,Trung Quốc,Độc lập,Khác,B2B
TGPP,20000195,Trung Quốc,Độc lập,Khác,B2B
TGPP,40000045,Trung Quốc,Khác,Khác,B2B
TGPP,40000051,Trung Quốc,Khác,Khác,B2B
TGPP,40000052,Trung Quốc,Khác,Khác,B2B
TGPP,40000053,Trung Quốc,Khác,Khác,B2B
TGPP,40000055,Trung Quốc,Khác,Khác,B2B
TGPP,40000077,Trung Quốc,Khác,Khác,B2B
TGPP,40000080,Trung Quốc,Khác,Khác,B2B
TGPP,40000081,Trung Quốc,Khác,Khác,B2B
TGPP,40000082,Trung Quốc,Khác,Khác,B2B
TGPP,40000085,Trung Quốc,Khác,Khác,B2B
TGPP,40000086,Trung Quốc,Khác,Khác,B2B
TGPP,40000110,Trung Quốc,Khác,Khác,B2B
TGPP,40000111,Trung Quốc,Khác,Khác,B2B
TGPP,40000112,Trung Quốc,Khác,Khác,B2B
TGPP,60002105,Trung Quốc,Khác,Khác,B2B
TGPP,60002106,Trung Quốc,Khác,Khác,B2B
TGPP,60002107,Trung Quốc,Khác,Khác,B2B
TGPP,60002108,Trung Quốc,Khác,Khác,B2B
TGPP,60002789,Khác,Khác,Khác,B2B
TGPP,60003422,Trung Quốc,Khác,Khác,B2B
TGPP,60003426,Trung Quốc,Khác,Khác,B2B
TGPP,60003428,Trung Quốc,Khác,Khác,B2B
TGPP,60003430,Trung Quốc,Khác,Khác,B2B
TGPP,1300,Trung Quốc,Khác,Khác,B2B
TGPP,30000040,KVMTR,Khác,Khác,B2B
TGPP,30000087,KVMTR,Khác,Khác,B2B
TGPP,30000090,KVMTR,Khác,Khác,B2B
TGPP,30000117,KVMTR,Khác,Khác,B2B
TGPP,30000135,KVMTR,Khác,Khác,B2B
TGPP,30000140,KVMB,Khác,Khác,B2B
TGPP,50000094,KVMN,Khác,Nội thành,B2B
TGPP,60001199,KVMB,Độc lập,Khác,B2B
TGPP,60001211,KVMB,Độc lập,Khác,B2B
TGPP,60001214,KVMB,Độc lập,Khác,B2B
TGPP,60001218,KVMB,Độc lập,Khác,B2B
TGPP,60001222,KVMB,Độc lập,Khác,B2B
TGPP,60001239,KVMTR,Độc lập,Nông thôn,B2B
TGPP,60001240,KVMTR,Độc lập,Nông thôn,B2B
TGPP,60001243,KVMTR,Độc lập,Nông thôn,B2B
TGPP,60001250,KVMTR,Độc lập,Nội thành,B2B
TGPP,60001261,KVMTR,Độc lập,Nông thôn,B2B
TGPP,60001282,KVMTR,Khác,Nội thành,B2B
TGPP,60001292,KVMTR,Độc lập,Nông thôn,B2B
TGPP,60001294,KVMTR,Độc lập,Nông thôn,B2B
TGPP,60001295,KVMTR,Độc lập,Nông thôn,B2B
TGPP,60001298,KVMTR,Độc lập,Nông thôn,B2B
TGPP,60001310,KVMTR,Độc lập,Nội thành,B2B
TGPP,60001311,KVMTR,Độc lập,Nông thôn,B2B
TGPP,60001314,KVMTR,Độc lập,Nội thành,B2B
TGPP,60001325,KVMTR,Độc lập,Nội thành,B2B
TGPP,60001336,KVMTR,Độc lập,Nông thôn,B2B
TGPP,60001341,KVMTR,Độc lập,Nông thôn,B2B
TGPP,60001343,KVMTR,Độc lập,Nông thôn,B2B
TGPP,60001371,KVMTR,Khác,Khác,B2B
TGPP,60001405,KVMTR,Khác,Khác,B2B
TGPP,60001710,KVMB,Độc lập,Nông thôn,B2B
TGPP,60001716,KVMB,Độc lập,Nội thành,B2B
TGPP,60002004,KVMTR,Độc lập,Nông thôn,B2B
TGPP,60002021,KVMTR,Khác,Khác,B2B
TGPP,60002302,KVMTR,Độc lập,Nội thành,B2B
TGPP,60002345,KVMTR,Khác,Nội thành,B2B
TGPP,60002387,KVMTR,Độc lập,Nông thôn,B2B
TGPP,60002604,KVMTR,Độc lập,Khác,B2B
TGPP,60002726,KVMTR,Độc lập,Nội thành,B2B
TGPP,60002735,KVMTR,Khác,Nội thành,B2B
TGPP,60002876,KVMTR,Độc lập,Nông thôn,B2B
TGPP,60002895,KVMB,Độc lập,Khác,B2B
TGPP,60002898,KVMTR,Độc lập,Nông thôn,B2B
TGPP,60002927,KVTN,Độc lập,Khác,B2B
TGPP,60002980,KVMTR,Độc lập,Nội thành,B2B
TGPP,60003012,KVMB,Độc lập,Khác,B2B
TGPP,60003030,KVMTR,Độc lập,Nông thôn,B2B
TGPP,60003062,KVTN,Độc lập,Khác,B2B
TGPP,60003070,KVMTR,Độc lập,Nội thành,B2B
TGPP,60003078,KVTN,Độc lập,Khác,B2B
TGPP,60003098,KVMTR,Độc lập,Nông thôn,B2B
TGPP,60003119,KVMB,Độc lập,Khác,B2B
TGPP,60003185,KVMTR,Độc lập,Nông thôn,B2B
TGPP,60003203,KVMB,Độc lập,Khác,B2B
TGPP,60003210,KVMTR,Độc lập,Nông thôn,B2B
TGPP,60003305,KVMB,Độc lập,Khác,B2B
TGPP,60003527,KVMTR,Độc lập,Nông thôn,B2B
TGPP,40000000,KVMT,Khác,Khác,B2B
TGPP,40000007,KVMT,Khác,Khác,B2B
TGPP,60000650,KVMT,Độc lập,Nông thôn,B2B
TGPP,60000663,KVMT,Độc lập,Nông thôn,B2B
TGPP,60000676,KVMT,Độc lập,Nội thành,B2B
TGPP,60000688,KVMT,Độc lập,Nội thành,B2B
TGPP,60000694,KVMT,Độc lập,Nông thôn,B2B
TGPP,60000697,KVMT,Độc lập,Nông thôn,B2B
TGPP,60000710,KVMT,Độc lập,Nông thôn,B2B
TGPP,60000711,KVMT,Độc lập,Nội thành,B2B
TGPP,60000713,KVMT,Độc lập,Nội thành,B2B
TGPP,60000715,KVMT,Độc lập,Nông thôn,B2B
TGPP,60000716,KVMT,Độc lập,Nông thôn,B2B
TGPP,60000722,KVMT,Độc lập,Nông thôn,B2B
TGPP,60000758,KVMT,Độc lập,Khác,B2B
TGPP,60000768,KVMT,Độc lập,Khác,B2B
TGPP,60000781,KVMT,Độc lập,Khác,B2B
TGPP,60000792,KVMT,Độc lập,Khác,B2B
TGPP,60000796,KVMT,Độc lập,Khác,B2B
TGPP,60000797,KVMT,Độc lập,Khác,B2B
TGPP,60000798,KVMT,Độc lập,Khác,B2B
TGPP,60000804,KVMT,Độc lập,Khác,B2B
TGPP,60000805,KVMT,Độc lập,Khác,B2B
TGPP,60000808,KVMT,Độc lập,Khác,B2B
TGPP,60000809,KVMT,Độc lập,Khác,B2B
TGPP,60000813,KVMT,Độc lập,Nông thôn,B2B
TGPP,60000819,KVMT,Độc lập,Nội thành,B2B
TGPP,60000826,KVMT,Độc lập,Nội thành,B2B
TGPP,60000827,KVMT,Độc lập,Nông thôn,B2B
TGPP,60000835,KVMT,Độc lập,Nông thôn,B2B
TGPP,60000844,KVMT,Độc lập,Nội thành,B2B
TGPP,60000848,KVMT,Độc lập,Nông thôn,B2B
TGPP,60000851,KVMT,Độc lập,Nông thôn,B2B
TGPP,60000852,KVMT,Độc lập,Nội thành,B2B
TGPP,60000860,KVMT,Độc lập,Nông thôn,B2B
TGPP,60000863,KVMT,Độc lập,Nông thôn,B2B
TGPP,60000865,KVMT,Độc lập,Nội thành,B2B
TGPP,60000890,KVMT,Độc lập,Nông thôn,B2B
TGPP,60000901,KVMT,Độc lập,Nông thôn,B2B
TGPP,60000902,KVMT,Độc lập,Nông thôn,B2B
TGPP,60000905,KVMT,Độc lập,Nông thôn,B2B
TGPP,60000911,KVMT,Độc lập,Nông thôn,B2B
TGPP,60001422,KVMT,Khác,Khác,B2B
TGPP,60002409,KVMT,Độc lập,Nội thành,B2B
TGPP,60002451,KVMT,Độc lập,Khác,B2B
TGPP,60002637,KVMT,Độc lập,Khác,B2B
TGPP,60002750,KVMT,Độc lập,Khác,B2B
TGPP,60002803,KVMT,Khác,Khác,B2B
TGPP,60002815,KVMT,Độc lập,Khác,B2B
TGPP,60002907,KVMT,Độc lập,Nông thôn,B2B
TGPP,60002972,KVMT,Độc lập,Nông thôn,B2B
TGPP,60003267,KVMT,Độc lập,Nông thôn,B2B
TGPP,60003380,KVMT,Độc lập,Khác,B2B
TGPP,30000075,KVTN,Khác,Khác,B2B
TGPP,30000108,KVTN,Khác,Khác,B2B
TGPP,30000109,KVTN,Khác,Khác,B2B
TGPP,30000110,KVTN,Khác,Khác,B2B
TGPP,30000111,KVTN,Khác,Khác,B2B
TGPP,60000926,KVTN,Độc lập,Khác,B2B
TGPP,60000932,KVTN,Độc lập,Khác,B2B
TGPP,60000935,KVTN,Độc lập,Khác,B2B
TGPP,60000936,KVTN,Độc lập,Khác,B2B
TGPP,60000938,KVTN,Độc lập,Khác,B2B
TGPP,60000940,KVTN,Độc lập,Khác,B2B
TGPP,60000941,KVTN,Độc lập,Khác,B2B
TGPP,60000942,KVTN,Độc lập,Khác,B2B
TGPP,60000952,KVTN,Độc lập,Khác,B2B
TGPP,60000955,KVTN,Độc lập,Khác,B2B
TGPP,60000957,KVTN,Độc lập,Khác,B2B
TGPP,60000960,KVTN,Độc lập,Khác,B2B
TGPP,60000963,KVTN,Độc lập,Khác,B2B
TGPP,60000968,KVTN,Độc lập,Khác,B2B
TGPP,60000970,KVTN,Độc lập,Khác,B2B
TGPP,60001004,KVTN,Độc lập,Khác,B2B
TGPP,60001018,KVTN,Độc lập,Khác,B2B
TGPP,60001038,KVTN,Độc lập,Khác,B2B
TGPP,60001047,KVTN,Độc lập,Nội thành,B2B
TGPP,60001048,KVTN,Độc lập,Nội thành,B2B
TGPP,60001053,KVTN,Độc lập,Nông thôn,B2B
TGPP,60001060,KVTN,Độc lập,Nông thôn,B2B
TGPP,60001073,KVTN,Độc lập,Nông thôn,B2B
TGPP,60001080,KVTN,Độc lập,Nội thành,B2B
TGPP,60001083,KVTN,Độc lập,Khác,B2B
TGPP,60001099,KVTN,Độc lập,Nông thôn,B2B
TGPP,60001111,KVTN,Độc lập,Nội thành,B2B
TGPP,60001120,KVTN,Độc lập,Khác,B2B
TGPP,60001126,KVTN,Độc lập,Nội thành,B2B
TGPP,60001132,KVTN,Độc lập,Nông thôn,B2B
TGPP,60001136,KVTN,Độc lập,Nông thôn,B2B
TGPP,60001137,KVTN,Độc lập,Nông thôn,B2B
TGPP,60001139,KVTN,Độc lập,Nội thành,B2B
TGPP,60001149,KVTN,Độc lập,Khác,B2B
TGPP,60001153,KVTN,Độc lập,Nội thành,B2B
TGPP,60001358,KVTN,Độc lập,Khác,B2B
TGPP,60001389,KVTN,Độc lập,Nội thành,B2B
TGPP,60002281,KVTN,Độc lập,Khác,B2B
TGPP,60002295,KVTN,Độc lập,Khác,B2B
TGPP,60002666,KVTN,Độc lập,Nội thành,B2B
TGPP,60002671,KVTN,Độc lập,Nội thành,B2B
TGPP,60002753,KVTN,Độc lập,Nông thôn,B2B
TGPP,60002861,KVTN,Độc lập,Khác,B2B
TGPP,60003001,KVTN,Độc lập,Khác,B2B
TGPP,60003005,KVTN,Độc lập,Nông thôn,B2B
TGPP,60003052,KVTN,Độc lập,Khác,B2B
TGPP,60003065,KVTN,Độc lập,Khác,B2B
TGPP,60003117,KVTN,Độc lập,Khác,B2B
TGPP,60003191,KVTN,Độc lập,Khác,B2B
TGPP,60003219,KVTN,Độc lập,Khác,B2B
TGPP,20000076,Trung Quốc,Độc lập,Khác,B2B
TGPP,20000085,Trung Quốc,Độc lập,Khác,B2B
TGPP,20000086,Trung Quốc,Độc lập,Khác,B2B
TGPP,20000095,Trung Quốc,Độc lập,Khác,B2B
TGPP,20000096,Trung Quốc,Độc lập,Khác,B2B
TGPP,20000099,Trung Quốc,Độc lập,Khác,B2B
TGPP,20000101,Trung Quốc,Độc lập,Khác,B2B
TGPP,40000088,Trung Quốc,Khác,Khác,B2B
TGPP,60002316,Trung Quốc,Khác,Khác,B2B
TGPP,40000115,KVMN,Khác,Khác,B2B
TGPP,40000118,KVMN,Khác,Khác,B2B
TGPP,40000120,KVMN,Khác,Khác,B2B
TGPP,60000077,KVMN,Độc lập,Nội thành,B2B
TGPP,60001196,KVMN,Khác,Nội thành,B2B
TGPP,60002636,KVMN,Khác,Nội thành,B2B
TGPP,60003570,KVMN,Độc lập,Nông thôn,B2B
TGPP,60003585,KVMN,Độc lập,Nội thành,B2B
TGPP,60003631,KVMN,Độc lập,Nội thành,B2B
TGPP,60003650,KVMN,Độc lập,Nội thành,B2B
TGPP,60003660,KVMN,Độc lập,Nội thành,B2B
TGPP,40000175,KVMB,Khác,Khác,B2B
TGPP,40000180,KVMB,Khác,Khác,B2B
TGPP,60003565,KVMB,Độc lập,Nội thành,B2B
TGPP,60003615,KVMB,Độc lập,Nội thành,B2B
TGPP,20000208,Trung Quốc,Khác,Khác,B2B
TGPP,60003440,Trung Quốc,Khác,Khác,B2B
TGPP,40000003,KVMT,Khác,Khác,B2B
TGPP,60002801,KVMT,Khác,Khác,B2B
TGPP,30000100,KVTN,Khác,Khác,B2B
TGPP,30000112,KVTN,Khác,Khác,B2B
TGPP,60000975,KVTN,Độc lập,Khác,B2B
TGPP,60001410,KVMTR,Độc lập,Khác,B2B
TGPP,60002670,KVTN,Độc lập,Nội thành,B2B
TGPP,60003375,Khác,Khác,TT hành chính kinh tế,B2B
TGPP,20000210,KVCA,Khác,Khác,B2B
TGPP,60003696,KVMB,Độc lập,Nội thành,B2B
TGPP,60003755,KVMN,Độc lập,Nội thành,B2B
TGPP,60003775,KVMB,Độc lập,Nội thành,B2B
TGPP,60003777,KVMB,Độc lập,Nội thành,B2B
TGPP,60003787,KVMN,Độc lập,Nông thôn,B2B
ONLINE,60003155,Khác,Online,Khác,B2C
ONLINE,60003156,Khác,Online,Khác,B2C
ONLINE,60003157,Khác,Online,Khác,B2C
ONLINE,60003158,Khác,Online,Khác,B2C
ONLINE,60003160,Khác,Online,Khác,B2C
ONLINE,60003162,Khác,Online,Khác,B2C
ONLINE,60003163,Khác,Online,Khác,B2C
ONLINE,60003164,Khác,Online,Khác,B2C
ONLINE,60003217,Khác,Online,Khác,B2C
ONLINE,60003260,Khác,Online,Khác,B2C
ONLINE,60003335,Khác,Online,Khác,B2C
ONLINE,60003350,Khác,Online,Khác,B2C
ONLINE,60003355,Khác,Online,Khác,B2C
ONLINE,60003470,Khác,Online,Khác,B2C
ONLINE,60003477,Khác,Online,Khác,B2C
CHTT,60003183,Khác,Khác,Khác,B2C
ONLINE,60003605,Khác,Online,Khác,B2C
ONLINE,60003500,Khác,Online,Khác,B2C
ONLINE,60003651,Khác,Online,Khác,B2C
CHTT,1101,KVMN,Độc lập,Nội thành,B2C
CHTT,1102,KVMN,Pop - up,Nội thành,B2C
CHTT,1103,KVMN,Độc lập,Nội thành,B2C
CHTT,1104,KVMN,Độc lập,Nội thành,B2C
CHTT,1105,KVMN,Độc lập,Nội thành,B2C
CHTT,1106,KVMN,Độc lập,Nội thành,B2C
CHTT,1107,KVMN,Độc lập,Nội thành,B2C
CHTT,1108,KVMN,Độc lập,Nội thành,B2C
CHTT,1109,KVMN,Độc lập,Nội thành,B2C
CHTT,1110,KVMN,Độc lập,Nội thành,B2C
CHTT,1111,KVMN,Độc lập,Nội thành,B2C
CHTT,1112,KVMN,Độc lập,Nội thành,B2C
CHTT,1113,KVMN,Độc lập,TT hành chính kinh tế,B2C
CHTT,1114,KVMN,Store In Store,Nội thành,B2C
CHTT,1115,KVMN,Độc lập,Nội thành,B2C
CHTT,1116,KVMN,Độc lập,Nội thành,B2C
CHTT,1117,KVMN,Độc lập,Nội thành,B2C
CHTT,1118,KVMN,Độc lập,Nội thành,B2C
CHTT,1119,KVMN,Độc lập,Nội thành,B2C
CHTT,1120,KVMN,Độc lập,Nông thôn,B2C
CHTT,1121,KVMN,Độc lập,Nội thành,B2C
CHTT,1122,KVMN,Độc lập,Nông thôn,B2C
CHTT,1123,KVMN,Độc lập,Nội thành,B2C
CHTT,1124,KVMN,Độc lập,Nội thành,B2C
CHTT,1125,KVMN,Độc lập,Nội thành,B2C
CHTT,1126,KVMN,Độc lập,Nội thành,B2C
CHTT,1127,KVMN,Độc lập,Nội thành,B2C
CHTT,1128,KVMN,Độc lập,Nội thành,B2C
CHTT,1129,KVMN,Độc lập,Nội thành,B2C
CHTT,1130,KVMN,Độc lập,Nội thành,B2C
CHTT,1131,KVMN,Độc lập,Nội thành,B2C
CHTT,1132,KVMN,Độc lập,Nông thôn,B2C
CHTT,1133,KVMN,Độc lập,Nội thành,B2C
CHTT,1134,KVMN,Độc lập,Nội thành,B2C
CHTT,1135,KVMN,Độc lập,Nội thành,B2C
CHTT,1136,KVMN,Độc lập,Nội thành,B2C
CHTT,1137,KVMN,Độc lập,Nội thành,B2C
CHTT,1138,KVMN,Độc lập,Nông thôn,B2C
CHTT,1139,KVMN,Độc lập,Nội thành,B2C
CHTT,1140,KVMN,Độc lập,Nội thành,B2C
CHTT,1141,KVMN,Độc lập,Nội thành,B2C
CHTT,1142,KVMN,Độc lập,Nông thôn,B2C
CHTT,1143,KVMN,Độc lập,Nội thành,B2C
CHTT,1144,KVMN,Độc lập,Nội thành,B2C
CHTT,1145,KVMN,Độc lập,Nông thôn,B2C
CHTT,1146,KVMN,Độc lập,Nông thôn,B2C
CHTT,1148,KVMN,Độc lập,Nội thành,B2C
CHTT,1201,KVMB,Độc lập,Nội thành,B2C
CHTT,1202,KVMB,Độc lập,Nội thành,B2C
CHTT,1203,KVMB,Độc lập,Nội thành,B2C
CHTT,1204,KVMB,Độc lập,Nội thành,B2C
CHTT,1205,KVMB,Store In Store,Nội thành,B2C
CHTT,1206,KVMB,Độc lập,Nội thành,B2C
CHTT,1207,KVMB,Độc lập,Nội thành,B2C
CHTT,1208,KVMB,Độc lập,Nội thành,B2C
CHTT,1209,KVMB,Độc lập,Nội thành,B2C
CHTT,1210,KVMB,Độc lập,Nội thành,B2C
CHTT,1211,KVMB,Độc lập,Nội thành,B2C
CHTT,1212,KVMB,Độc lập,Nội thành,B2C
CHTT,1213,KVMB,Độc lập,Nội thành,B2C
CHTT,1214,KVMB,Độc lập,Nội thành,B2C
CHTT,1215,KVMB,Độc lập,Nông thôn,B2C
CHTT,1216,KVMB,Độc lập,Nội thành,B2C
CHTT,1217,KVMB,Độc lập,Nội thành,B2C
CHTT,1218,KVMB,Độc lập,Nội thành,B2C
CHTT,1219,KVMB,Độc lập,Nội thành,B2C
CHTT,1220,KVMB,Độc lập,Nông thôn,B2C
CHTT,1221,KVMB,Độc lập,Nội thành,B2C
CHTT,1222,KVMB,Độc lập,Nội thành,B2C
CHTT,1223,KVMB,Độc lập,Nội thành,B2C
CHTT,1224,KVMB,Độc lập,Nội thành,B2C
CHTT,1225,KVMB,Độc lập,Nội thành,B2C
CHTT,1226,KVMB,Độc lập,Nội thành,B2C
CHTT,1227,KVMB,Độc lập,Nội thành,B2C
CHTT,1228,KVMB,Độc lập,Nội thành,B2C
CHTT,1230,KVMB,Độc lập,Nội thành,B2C
CHTT,1231,KVMB,Độc lập,Nội thành,B2C
CHTT,1232,KVMB,Độc lâp,Nông thôn,B2C
CHTT,1232,KVMB,Độc lập,Nông thôn,B2C
CHTT,1233,KVMB,Độc lập,Nội thành,B2C
CHTT,1234,KVMB,Độc lập,Nội thành,B2C
CHTT,1235,KVMB,Độc lập,Nội thành,B2C
CHTT,1301,Trung Quốc,Pop - up,Nông thôn,B2C
CHTT,1401,KVMTR,Store In Store,Nội thành,B2C
CHTT,1402,KVMTR,Độc lập,Nội thành,B2C
CHTT,1403,KVMB,Độc lập,Nội thành,B2C
CHTT,1404,KVMTR,Store In Store,Nội thành,B2C
CHTT,1405,KVMTR,Độc lập,Nội thành,B2C
CHTT,1406,KVMTR,Độc lập,Nội thành,B2C
CHTT,1407,KVMTR,Độc lập,Nội thành,B2C
CHTT,1408,KVMTR,Độc lập,Nội thành,B2C
CHTT,1409,KVMTR,Độc lập,Nội thành,B2C
CHTT,1410,KVMB,Độc lập,Nội thành,B2C
CHTT,1411,KVMTR,Độc lập,Nội thành,B2C
CHTT,1412,KVMTR,Độc lập,Nội thành,B2C
CHTT,1413,KVMTR,Độc lập,Nội thành,B2C
CHTT,1414,KVMB,Độc lập,Nội thành,B2C
CHTT,1415,KVMTR,Độc lập,TT hành chính kinh tế,B2C
CHTT,1416,KVMTR,Độc lập,Nội thành,B2C
CHTT,1417,KVMTR,Độc lập,Nội thành,B2C
CHTT,1418,KVMTR,Độc lập,Nội thành,B2C
CHTT,1419,KVMB,Độc lập,Nông thôn,B2C
CHTT,1420,KVMB,Độc lập,Nông thôn,B2C
CHTT,1421,KVMTR,Độc lập,Nông thôn,B2C
CHTT,1422,KVMTR,Độc lập,Nội thành,B2C
CHTT,1501,KVMT,Độc lập,TT hành chính kinh tế,B2C
CHTT,1502,KVMT,Độc lập,Nội thành,B2C
CHTT,1503,KVMT,Độc lập,Nội thành,B2C
CHTT,1504,KVMT,Độc lập,Nội thành,B2C
CHTT,1505,KVMT,Độc lập,TT hành chính kinh tế,B2C
CHTT,1506,KVMT,Độc lập,Nội thành,B2C
CHTT,1507,KVMT,Độc lập,Nội thành,B2C
CHTT,1508,KVMT,Độc lập,Nội thành,B2C
CHTT,1509,KVMT,Độc lập,Nội thành,B2C
CHTT,1510,KVMT,Độc lập,Nội thành,B2C
CHTT,1511,KVMT,Độc lập,Nội thành,B2C
CHTT,1512,KVMT,Độc lập,Nội thành,B2C
CHTT,1513,KVMT,Độc lập,TT hành chính kinh tế,B2C
CHTT,1514,KVMT,Độc lập,Nội thành,B2C
CHTT,1515,KVMT,Độc lập,Nội thành,B2C
CHTT,1516,KVMT,Độc lập,Nông thôn,B2C
CHTT,1517,KVMT,Độc lập,Nội thành,B2C
CHTT,1518,KVMT,Độc lập,Nội thành,B2C
CHTT,1519,KVMT,Độc lập,Nông thôn,B2C
CHTT,1520,KVMT,Độc lập,Nội thành,B2C
CHTT,1521,KVMT,Độc lập,Nội thành,B2C
CHTT,1522,KVMT,Độc lập,Nông thôn,B2C
CHTT,1523,KVMT,Độc lập,Nội thành,B2C
CHTT,1524,KVMT,Độc lập,Nội thành,B2C
CHTT,1525,KVMT,Độc lập,Nông thôn,B2C
CHTT,1526,KVMT,Độc lập,TT hành chính kinh tế,B2C
CHTT,1527,KVMT,Độc lập,Nội thành,B2C
CHTT,1601,KVTN,Độc lập,Nội thành,B2C
CHTT,1602,KVTN,Độc lập,Nội thành,B2C
CHTT,1603,KVTN,Độc lập,Nội thành,B2C
CHTT,1604,KVTN,Độc lập,Nội thành,B2C
CHTT,1605,KVTN,Độc lập,Nông thôn,B2C
CHTT,1606,KVTN,Độc lập,Nội thành,B2C
CHTT,1607,KVTN,Độc lập,Nội thành,B2C
CHTT,1608,KVTN,Độc lập,Nội thành,B2C
CHTT,1609,KVTN,Độc lập,Nội thành,B2C
CHTT,1610,KVTN,Độc lập,Nội thành,B2C
CHTT,1611,KVTN,Độc lập,Nông thôn,B2C
CHTT,1612,KVTN,Độc lập,Nội thành,B2C
CHTT,1613,KVTN,Độc lập,Nội thành,B2C
CHTT,1614,KVTN,Độc lập,Nông thôn,B2C
CHTT,1615,KVTN,Độc lập,Nội thành,B2C
CHTT,1616,KVTN,Độc lập,Nội thành,B2C
CHTT,1617,KVTN,Độc lập,Nông thôn,B2C
CHTT,1618,KVTN,Độc lập,Nông thôn,B2C
CHTT,1619,KVTN,Độc lập,Nông thôn,B2C
CHTT,1620,KVTN,Độc lập,Nội thành,B2C
CHTT,1621,KVTN,Độc lập,Nội thành,B2C
CHTT,1622,KVTN,Độc lập,Nông thôn,B2C
CHTT,1623,KVTN,Độc lập,Nông thôn,B2C
CHTT,1624,KVTN,Độc lập,Nông thôn,B2C
CHTT,1625,KVTN,Độc lập,Nội thành,B2C
CHTT,1626,KVTN,Độc lập,Nội thành,B2C
CHTT,1627,KVTN,Độc lập,Nông thôn,B2C
CHTT,1628,KVTN,Độc lập,Nội thành,B2C
CHTT,1801,KVMTR,Độc lập,Nội thành,B2C
CHTT,1802,KVMB,Độc lập,TT hành chính kinh tế,B2C
CHTT,1803,KVMN,Độc lập,TT hành chính kinh tế,B2C
CHTT,1804,KVMN,Độc lập,Nội thành,B2C
CHTT,1147,KVMN,Độc lập,Nông thôn,B2C
CHTT,1149,KVMN,Độc lập,Nông thôn,B2C
CHTT,1150,KVMN,Độc lập,Nội thành,B2C
CHTT,1151,KVMN,Độc lập,Nội thành,B2C
CHTT,1152,KVMN,Độc lập,Nội thành,B2C
CHTT,1153,KVMN,Độc lập,Nông thôn,B2C
CHTT,1154,KVMN,Độc lập,Nội thành,B2C
CHTT,1155,KVMN,Độc lập,Nội thành,B2C
CHTT,1156,KVMN,Độc lập,Nội thành,B2C
CHTT,1157,KVMN,Độc lập,Nông thôn,B2C
CHTT,1158,KVMN,Độc lập,Nội thành,B2C
CHTT,1159,KVMN,Độc lập,Nội thành,B2C
CHTT,1160,KVMN,Độc lập,Nội thành,B2C
CHTT,1161,KVMN,Độc lập,Nội thành,B2C
CHTT,1236,KVMB,Độc lập,Nội thành,B2C
CHTT,1237,KVMB,Độc lập,Nội thành,B2C
CHTT,1238,KVMB,Độc lâp,Nông thôn,B2C
CHTT,1239,KVMB,Độc lập,Nội thành,B2C
CHTT,1240,KVMB,Độc lập,Nông thôn,B2C
CHTT,1241,KVMB,Độc lập,Nội thành,B2C
CHTT,1242,KVMB,Độc lập,Nội thành,B2C
CHTT,1243,KVMB,Độc lập,Nông thôn,B2C
CHTT,1244,KVMB,Độc lập,Nội thành,B2C
CHTT,1245,KVMB,Độc lập,Nội thành,B2C
CHTT,1423,KVMTR,Độc lập,Nông thôn,B2C
CHTT,1424,KVMTR,Độc lập,Nông thôn,B2C
CHTT,1425,KVMTR,Độc lập,Nội thành,B2C
CHTT,1528,KVMT,Độc lập,Nội thành,B2C
CHTT,1805,KVMN,Độc lập,TT hành chính kinh tế,B2C
CHTT,1806,KVMB,Độc lập,TT hành chính kinh tế,B2C
CHTT,1807,KVMN,Độc lập,TT hành chính kinh tế,B2C
CHTT,1808,KVMN,Độc lập,TT hành chính kinh tế,B2C
CHTT,1809,KVMN,Độc lập,Nội thành,B2C
CHTT,2001,KVCA,Độc lập,Khác,B2C
CHTT,1162,KVMN,Độc lập,Nội thành,B2C
CHTT,1163,KVMN,Độc lập,Nông thôn,B2C
CHTT,1164,KVMN,Độc lập,Nội thành,B2C
CHTT,1165,KVMN,Độc lập,Nội thành,B2C
CHTT,1166,KVMN,Độc lập,Nội thành,B2C
CHTT,1246,KVMB,Độc lập,Nội thành,B2C
CHTT,1247,KVMB,Độc lập,Nội thành,B2C
CHTT,1248,KVMB,Độc lập,Nội thành,B2C
CHTT,1249,KVMB,Độc lập,Nội thành,B2C
CHTT,1250,KVMB,Độc lập,Nội thành,B2C
CHTT,1251,KVMB,Độc lập,Nông thôn,B2C
CHTT,1252,KVMB,Độc lập,Nội thành,B2C
CHTT,1253,KVMB,Pop - up,Khác,B2C
CHTT,1254,KVMB,Độc lập,Nội thành,B2C
CHTT,1529,KVMT,Độc lập,Nội thành,B2C
CHTT,1530,KVMT,Độc lập,Nội thành,B2C
CHTT,1531,KVMT,Độc lập,Nông thôn,B2C
CHTT,1630,KVTN,Độc lập,Nông thôn,B2C
CHTT,1810,KVMB,Trong mall,Nội thành,B2C
CHTT,1812,KVMN,Trong mall,Nội thành,B2C
CHTT,1813,KVMN,Trong mall,Nội thành,B2C
CHTT,1167,KVMN,Độc lập,Nội thành,B2C
TGPP,1100,KVMN,Pop - up,Khác,B2B
CHTT,1169,KVMN,Độc lập,Nội thành,B2C
TGPP,1200,KVMB,Pop - up,Khác,B2B
TGPP,1500,Khác,Pop - up,Khác,B2B
TGPP,1600,KVTN,Pop - up,Khác,B2B
CHTT,1811,KVMN,Trong mall,Nội thành,B2C
CHTT,2002,KVCA,Độc lập,Khác,B2C
TGPP,50000185,Trung Quốc,Độc lập,Khác,B2B
TGPP,50000186,Trung Quốc,Độc lập,Khác,B2B
TGPP,50000187,Trung Quốc,Độc lập,Khác,B2B
TGPP,50000188,Trung Quốc,Độc lập,Khác,B2B
TGPP,50000190,Trung Quốc,Độc lập,Khác,B2B
TGPP,50000191,Trung Quốc,Độc lập,Khác,B2B
TGPP,50000200,Trung Quốc,Độc lập,Khác,B2B
TGPP,50000201,Trung Quốc,Độc lập,Khác,B2B
TGPP,50000205,Trung Quốc,Độc lập,Khác,B2B
TGPP,50000215,Trung Quốc,Độc lập,Khác,B2B
TGPP,50000220,Trung Quốc,Độc lập,Khác,B2B
TGPP,50000225,Trung Quốc,Độc lập,Khác,B2B
TGPP,60000011,KVMN,Độc lập,Khác,B2B
TGPP,60000012,KVMN,Độc lập,Khác,B2B
TGPP,60000015,KVMN,Độc lập,Khác,B2B
TGPP,60000017,KVMN,Độc lập,Khác,B2B
TGPP,60000020,KVMN,Độc lập,Khác,B2B
TGPP,60000022,KVMN,Độc lập,Khác,B2B
TGPP,60000023,KVMN,Độc lập,Khác,B2B
TGPP,60000024,KVMN,Độc lập,Khác,B2B
TGPP,60000026,KVMN,Độc lập,Khác,B2B
TGPP,60000028,KVMN,Độc lập,Khác,B2B
TGPP,60000030,KVMN,Độc lập,Khác,B2B
TGPP,60000032,KVMN,Độc lập,Khác,B2B
TGPP,60000033,KVMN,Độc lập,Khác,B2B
TGPP,60000034,KVMN,Độc lập,Khác,B2B
TGPP,60000035,KVMN,Độc lập,Khác,B2B
TGPP,60000037,KVMN,Độc lập,Khác,B2B
TGPP,60000040,KVMN,Độc lập,Khác,B2B
TGPP,60000045,KVMN,Độc lập,Khác,B2B
TGPP,60000048,KVMN,Độc lập,Khác,B2B
TGPP,60000049,KVMN,Độc lập,Khác,B2B
TGPP,60000051,KVMN,Độc lập,Khác,B2B
TGPP,60000053,KVMN,Độc lập,Khác,B2B
TGPP,60000055,KVMN,Độc lập,Khác,B2B
TGPP,60000056,KVMN,Độc lập,Khác,B2B
TGPP,60000059,KVMN,Độc lập,Khác,B2B
TGPP,60000064,KVMN,Độc lập,Khác,B2B
TGPP,60000065,KVMN,Độc lập,Khác,B2B
TGPP,60000067,KVMN,Độc lập,Khác,B2B
TGPP,60000068,KVMN,Độc lập,Khác,B2B
TGPP,60000069,KVMN,Độc lập,Khác,B2B
TGPP,60000070,KVMN,Độc lập,Khác,B2B
TGPP,60000073,KVMN,Độc lập,Khác,B2B
TGPP,60000074,KVMN,Độc lập,Khác,B2B
TGPP,60000075,KVMN,Độc lập,Khác,B2B
TGPP,60000076,KVMN,Độc lập,Khác,B2B
TGPP,60000078,KVMN,Độc lập,Khác,B2B
TGPP,60000080,KVMN,Độc lập,Khác,B2B
TGPP,60000082,KVMN,Độc lập,Khác,B2B
TGPP,60000083,KVMN,Độc lập,Khác,B2B
TGPP,60000084,KVMN,Độc lập,Khác,B2B
TGPP,60000086,KVMN,Độc lập,Khác,B2B
TGPP,60000088,KVMN,Độc lập,Khác,B2B
TGPP,60000089,KVMN,Độc lập,Khác,B2B
TGPP,60000090,KVMN,Độc lập,Khác,B2B
TGPP,60000091,KVMN,Độc lập,Khác,B2B
TGPP,60000094,KVMN,Độc lập,Khác,B2B
TGPP,60000096,KVMN,Độc lập,Khác,B2B
TGPP,60000097,KVMN,Độc lập,Khác,B2B
TGPP,60000098,KVMN,Độc lập,Khác,B2B
TGPP,60000099,KVMN,Độc lập,Khác,B2B
TGPP,60000101,KVMN,Độc lập,Khác,B2B
TGPP,60000103,KVMN,Độc lập,Khác,B2B
TGPP,60000106,KVMN,Độc lập,Khác,B2B
TGPP,60000107,KVMN,Độc lập,Khác,B2B
TGPP,60000108,KVMN,Độc lập,Khác,B2B
TGPP,60000109,KVMN,Độc lập,Khác,B2B
TGPP,60000112,KVMN,Độc lập,Khác,B2B
TGPP,60000113,KVMN,Độc lập,Khác,B2B
TGPP,60000114,KVMN,Độc lập,Khác,B2B
TGPP,60000115,KVMN,Độc lập,Khác,B2B
TGPP,60000116,KVMN,Độc lập,Khác,B2B
TGPP,60000117,KVMN,Độc lập,Khác,B2B
TGPP,60000120,KVMN,Độc lập,Khác,B2B
TGPP,60000121,KVMN,Độc lập,Khác,B2B
TGPP,60000122,KVMN,Độc lập,Khác,B2B
TGPP,60000123,KVMN,Độc lập,Khác,B2B
TGPP,60000124,KVMN,Độc lập,Khác,B2B
TGPP,60000125,KVMN,Độc lập,Khác,B2B
TGPP,60000127,KVMN,Độc lập,Khác,B2B
TGPP,60000128,KVMN,Độc lập,Khác,B2B
TGPP,60000131,KVMN,Độc lập,Khác,B2B
TGPP,60000134,KVMN,Độc lập,Khác,B2B
TGPP,60000135,KVMN,Độc lập,Khác,B2B
TGPP,60000136,KVMN,Độc lập,Khác,B2B
TGPP,60000137,KVMN,Độc lập,Khác,B2B
TGPP,60000138,KVMN,Độc lập,Khác,B2B
TGPP,60000140,KVMN,Độc lập,Khác,B2B
TGPP,60000141,KVMN,Độc lập,Khác,B2B
TGPP,60000142,KVMN,Độc lập,Khác,B2B
TGPP,60000143,KVMN,Độc lập,Khác,B2B
TGPP,60000148,KVMN,Độc lập,Khác,B2B
TGPP,60000149,KVMN,Độc lập,Khác,B2B
TGPP,60000150,KVMN,Độc lập,Khác,B2B
TGPP,60000153,KVMN,Độc lập,Khác,B2B
TGPP,60000155,KVMN,Độc lập,Khác,B2B
TGPP,60000156,KVMN,Độc lập,Khác,B2B
TGPP,60000159,KVMN,Độc lập,Khác,B2B
TGPP,60000161,KVMN,Độc lập,Khác,B2B
TGPP,60000162,KVMN,Độc lập,Khác,B2B
TGPP,60000163,KVMN,Độc lập,Khác,B2B
TGPP,60000164,KVMN,Độc lập,Khác,B2B
TGPP,60000165,KVMN,Độc lập,Khác,B2B
TGPP,60000167,KVMN,Độc lập,Khác,B2B
TGPP,60000170,KVMN,Độc lập,Khác,B2B
TGPP,60000171,KVMN,Độc lập,Khác,B2B
TGPP,60000172,KVMN,Độc lập,Khác,B2B
TGPP,60000174,KVMN,Độc lập,Khác,B2B
TGPP,60000175,KVMN,Độc lập,Khác,B2B
TGPP,60000177,KVMN,Độc lập,Khác,B2B
TGPP,60000178,KVMN,Độc lập,Khác,B2B
TGPP,60000179,KVMN,Độc lập,Khác,B2B
TGPP,60000180,KVMN,Độc lập,Khác,B2B
TGPP,60000182,KVMN,Độc lập,Khác,B2B
TGPP,60000184,KVMN,Độc lập,Khác,B2B
TGPP,60000186,KVMN,Độc lập,Khác,B2B
TGPP,60000189,KVMN,Độc lập,Khác,B2B
TGPP,60000191,KVMN,Độc lập,Khác,B2B
TGPP,60000192,KVMN,Độc lập,Khác,B2B
TGPP,60000193,KVMN,Độc lập,Khác,B2B
TGPP,60000194,KVMN,Độc lập,Khác,B2B
TGPP,60000195,KVMN,Độc lập,Khác,B2B
TGPP,60000197,KVMN,Độc lập,Khác,B2B
TGPP,60000200,KVMN,Độc lập,Khác,B2B
TGPP,60000204,KVMN,Độc lập,Khác,B2B
TGPP,60000205,KVMN,Độc lập,Khác,B2B
TGPP,60000206,KVMN,Độc lập,Khác,B2B
TGPP,60000207,KVMN,Độc lập,Khác,B2B
TGPP,60000208,KVMN,Độc lập,Khác,B2B
TGPP,60000209,KVMN,Độc lập,Khác,B2B
TGPP,60000210,KVMN,Độc lập,Khác,B2B
TGPP,60000211,KVMN,Độc lập,Khác,B2B
TGPP,60000213,KVMN,Độc lập,Khác,B2B
TGPP,60000214,KVMN,Độc lập,Khác,B2B
TGPP,60000215,KVMN,Độc lập,Khác,B2B
TGPP,60000216,KVMN,Độc lập,Khác,B2B
TGPP,60000217,KVMN,Độc lập,Khác,B2B
TGPP,60000218,KVMN,Độc lập,Khác,B2B
TGPP,60000220,KVMN,Độc lập,Khác,B2B
TGPP,60000223,KVMN,Độc lập,Khác,B2B
TGPP,60000228,KVMN,Độc lập,Khác,B2B
TGPP,60000229,KVMN,Độc lập,Khác,B2B
TGPP,60000230,KVMN,Độc lập,Khác,B2B
TGPP,60000231,KVMN,Độc lập,Khác,B2B
TGPP,60000232,KVMN,Độc lập,Khác,B2B
TGPP,60000233,KVMN,Độc lập,Khác,B2B
TGPP,60000234,KVMN,Độc lập,Khác,B2B
TGPP,60000235,KVMN,Độc lập,Khác,B2B
TGPP,60000236,KVMN,Độc lập,Khác,B2B
TGPP,60000237,KVMN,Độc lập,Khác,B2B
TGPP,60000238,KVMN,Độc lập,Khác,B2B
TGPP,60000239,KVMN,Độc lập,Khác,B2B
TGPP,60000240,KVMN,Độc lập,Khác,B2B
TGPP,60000241,KVMN,Độc lập,Khác,B2B
TGPP,60000242,KVMN,Độc lập,Khác,B2B
TGPP,60000243,KVMN,Độc lập,Khác,B2B
TGPP,60000244,KVMN,Độc lập,Khác,B2B
TGPP,60000245,KVMN,Độc lập,Khác,B2B
TGPP,60000247,KVMN,Độc lập,Khác,B2B
TGPP,60000249,KVMN,Độc lập,Khác,B2B
TGPP,60000250,KVMN,Độc lập,Khác,B2B
TGPP,60000252,KVMN,Độc lập,Khác,B2B
TGPP,60000253,KVMN,Độc lập,Khác,B2B
TGPP,60000255,KVMN,Độc lập,Khác,B2B
TGPP,60000258,KVMN,Độc lập,Khác,B2B
TGPP,60000261,KVMN,Độc lập,Khác,B2B
TGPP,60000264,KVMN,Độc lập,Khác,B2B
TGPP,60000265,KVMN,Độc lập,Khác,B2B
TGPP,60000266,KVMN,Độc lập,Khác,B2B
TGPP,60000267,KVMN,Độc lập,Khác,B2B
TGPP,60000268,KVMN,Độc lập,Khác,B2B
TGPP,60000269,KVMN,Độc lập,Khác,B2B
TGPP,60000270,KVMN,Độc lập,Khác,B2B
TGPP,60000271,KVMN,Độc lập,Khác,B2B
TGPP,60000272,KVMN,Độc lập,Khác,B2B
TGPP,60000274,KVMN,Độc lập,Khác,B2B
TGPP,60000275,KVMN,Độc lập,Khác,B2B
TGPP,60000279,KVMN,Độc lập,Khác,B2B
TGPP,60000281,KVMN,Độc lập,Khác,B2B
TGPP,60000282,KVMN,Độc lập,Khác,B2B
TGPP,60000285,KVMN,Độc lập,Khác,B2B
TGPP,60000286,KVMN,Độc lập,Khác,B2B
TGPP,60000287,KVMN,Độc lập,Khác,B2B
TGPP,60000288,KVMN,Độc lập,Khác,B2B
TGPP,60000289,KVMN,Độc lập,Khác,B2B
TGPP,60000292,KVMN,Độc lập,Khác,B2B
TGPP,60000294,KVMN,Độc lập,Khác,B2B
TGPP,60000296,KVMN,Độc lập,Khác,B2B
TGPP,60000297,KVMN,Độc lập,Khác,B2B
TGPP,60000298,KVMN,Độc lập,Khác,B2B
TGPP,60000302,KVMN,Độc lập,Khác,B2B
TGPP,60000303,KVMN,Độc lập,Khác,B2B
TGPP,60000304,KVMN,Độc lập,Khác,B2B
TGPP,60000305,KVMN,Độc lập,Khác,B2B
TGPP,60000306,KVMN,Độc lập,Khác,B2B
TGPP,60000307,KVMN,Độc lập,Khác,B2B
TGPP,60000308,KVMN,Độc lập,Khác,B2B
TGPP,60000309,KVMN,Độc lập,Khác,B2B
TGPP,60000311,KVMN,Độc lập,Khác,B2B
TGPP,60000313,KVMN,Độc lập,Khác,B2B
TGPP,60000314,KVMN,Độc lập,Khác,B2B
TGPP,60000315,KVMN,Độc lập,Khác,B2B
TGPP,60000316,KVMN,Độc lập,Khác,B2B
TGPP,60000317,KVMN,Độc lập,Khác,B2B
TGPP,60000318,KVMN,Độc lập,Khác,B2B
TGPP,60000320,KVMN,Độc lập,Khác,B2B
TGPP,60000321,KVMN,Độc lập,Khác,B2B
TGPP,60000322,KVMN,Độc lập,Khác,B2B
TGPP,60000324,KVMN,Độc lập,Khác,B2B
TGPP,60000325,KVMN,Độc lập,Khác,B2B
TGPP,60000326,KVMN,Độc lập,Khác,B2B
TGPP,60000329,KVMN,Độc lập,Khác,B2B
TGPP,60000330,KVMN,Độc lập,Khác,B2B
TGPP,60000331,KVMN,Độc lập,Khác,B2B
TGPP,60000332,KVMN,Độc lập,Khác,B2B
TGPP,60000337,KVMN,Độc lập,Khác,B2B
TGPP,60000338,KVMN,Độc lập,Khác,B2B
TGPP,60000339,KVMN,Độc lập,Khác,B2B
TGPP,60000340,KVMN,Độc lập,Khác,B2B
TGPP,60000341,KVMN,Độc lập,Khác,B2B
TGPP,60000343,KVMN,Độc lập,Khác,B2B
TGPP,60000344,KVMN,Độc lập,Khác,B2B
TGPP,60000345,KVMN,Độc lập,Khác,B2B
TGPP,60000346,KVMN,Độc lập,Khác,B2B
TGPP,60000347,KVMN,Độc lập,Khác,B2B
TGPP,60000348,KVMN,Độc lập,Khác,B2B
TGPP,60000349,KVMN,Độc lập,Khác,B2B
TGPP,60000350,KVMN,Độc lập,Khác,B2B
TGPP,60000351,KVMN,Độc lập,Khác,B2B
TGPP,60000352,KVMN,Độc lập,Khác,B2B
TGPP,60000353,KVMN,Độc lập,Khác,B2B
TGPP,60000355,KVMN,Độc lập,Khác,B2B
TGPP,60000356,KVMN,Độc lập,Khác,B2B
TGPP,60000357,KVMN,Độc lập,Khác,B2B
TGPP,60000358,KVMN,Độc lập,Khác,B2B
TGPP,60000359,KVMN,Độc lập,Khác,B2B
TGPP,60000360,KVMN,Độc lập,Khác,B2B
TGPP,60000361,KVMN,Độc lập,Khác,B2B
TGPP,60000362,KVMN,Độc lập,Khác,B2B
TGPP,60000363,KVMN,Độc lập,Khác,B2B
TGPP,60000364,KVMN,Độc lập,Khác,B2B
TGPP,60000365,KVMN,Độc lập,Khác,B2B
TGPP,60000366,KVMN,Độc lập,Khác,B2B
TGPP,60000369,KVMN,Độc lập,Khác,B2B
TGPP,60000370,KVMN,Độc lập,Khác,B2B
TGPP,60000371,KVMN,Độc lập,Khác,B2B
TGPP,60000372,KVMN,Độc lập,Khác,B2B
TGPP,60000373,KVMN,Độc lập,Khác,B2B
TGPP,60000374,KVMN,Độc lập,Khác,B2B
TGPP,60000375,KVMN,Độc lập,Khác,B2B
TGPP,60000376,KVMN,Độc lập,Khác,B2B
TGPP,60000379,KVMN,Độc lập,Khác,B2B
TGPP,60000380,KVMN,Độc lập,Khác,B2B
TGPP,60000382,KVMN,Độc lập,Khác,B2B
TGPP,60000383,KVMN,Độc lập,Khác,B2B
TGPP,60000384,KVMN,Độc lập,Khác,B2B
TGPP,60000385,KVMN,Độc lập,Khác,B2B
TGPP,60000386,KVMN,Độc lập,Khác,B2B
TGPP,60000387,KVMN,Độc lập,Khác,B2B
TGPP,60000388,KVMN,Độc lập,Khác,B2B
TGPP,60000389,KVMN,Độc lập,Khác,B2B
TGPP,60000390,KVMN,Độc lập,Khác,B2B
TGPP,60000393,KVMN,Độc lập,Khác,B2B
TGPP,60000394,KVMN,Độc lập,Khác,B2B
TGPP,60000396,KVMN,Độc lập,Khác,B2B
TGPP,60000397,KVMN,Độc lập,Khác,B2B
TGPP,60000398,KVMN,Độc lập,Khác,B2B
TGPP,60000399,KVMN,Độc lập,Khác,B2B
TGPP,60000400,KVMN,Độc lập,Khác,B2B
TGPP,60000401,KVMN,Độc lập,Khác,B2B
TGPP,60000402,KVMN,Độc lập,Khác,B2B
TGPP,60000405,KVMN,Độc lập,Khác,B2B
TGPP,60000408,KVMN,Độc lập,Khác,B2B
TGPP,60000409,KVMN,Độc lập,Khác,B2B
TGPP,60000410,KVMN,Độc lập,Khác,B2B
TGPP,60000415,KVMN,Độc lập,Khác,B2B
TGPP,60000416,KVMN,Độc lập,Khác,B2B
TGPP,60000417,KVMN,Độc lập,Khác,B2B
TGPP,60000421,KVMN,Độc lập,Khác,B2B
TGPP,60000422,KVMN,Độc lập,Khác,B2B
TGPP,60000423,KVMN,Độc lập,Khác,B2B
TGPP,60000426,KVMN,Độc lập,Khác,B2B
TGPP,60000428,KVMN,Độc lập,Khác,B2B
TGPP,60000429,KVMN,Độc lập,Khác,B2B
TGPP,60000430,KVMN,Độc lập,Khác,B2B
TGPP,60000431,KVMN,Độc lập,Khác,B2B
TGPP,60000432,KVMN,Độc lập,Khác,B2B
TGPP,60000433,KVMN,Độc lập,Khác,B2B
TGPP,60000434,KVMN,Độc lập,Khác,B2B
TGPP,60000436,KVMN,Độc lập,Khác,B2B
TGPP,60000439,KVMN,Độc lập,Khác,B2B
TGPP,60000441,KVMN,Độc lập,Khác,B2B
TGPP,60000442,KVMN,Độc lập,Khác,B2B
TGPP,60000443,KVMN,Độc lập,Khác,B2B
TGPP,60000445,KVMN,Độc lập,Khác,B2B
TGPP,60000446,KVMN,Độc lập,Khác,B2B
TGPP,60000448,KVMN,Độc lập,Khác,B2B
TGPP,60000449,KVMN,Độc lập,Khác,B2B
TGPP,60000452,KVMN,Độc lập,Khác,B2B
TGPP,60000454,KVMN,Độc lập,Khác,B2B
TGPP,60000455,KVMN,Độc lập,Khác,B2B
TGPP,60000456,KVMN,Độc lập,Khác,B2B
TGPP,60000457,KVMN,Độc lập,Khác,B2B
TGPP,60000459,KVMN,Độc lập,Khác,B2B
TGPP,60000461,KVMN,Độc lập,Khác,B2B
TGPP,60000462,KVMN,Độc lập,Khác,B2B
TGPP,60000463,KVMN,Độc lập,Khác,B2B
TGPP,60000464,KVMN,Độc lập,Khác,B2B
TGPP,60000465,KVMN,Độc lập,Khác,B2B
TGPP,60000468,KVMN,Độc lập,Khác,B2B
TGPP,60000472,KVMN,Độc lập,Khác,B2B
TGPP,60000475,KVMN,Độc lập,Khác,B2B
TGPP,60000476,KVMN,Độc lập,Khác,B2B
TGPP,60000477,KVMN,Độc lập,Khác,B2B
TGPP,60000478,KVMN,Độc lập,Khác,B2B
TGPP,60000479,KVMN,Độc lập,Khác,B2B
TGPP,60000480,KVMN,Độc lập,Khác,B2B
TGPP,60000484,KVMN,Độc lập,Khác,B2B
TGPP,60000485,KVMN,Độc lập,Khác,B2B
TGPP,60000487,KVMN,Độc lập,Khác,B2B
TGPP,60000488,KVMN,Độc lập,Khác,B2B
TGPP,60000489,KVMN,Độc lập,Khác,B2B
TGPP,60000490,KVMN,Độc lập,Khác,B2B
TGPP,60000491,KVMN,Độc lập,Khác,B2B
TGPP,60000492,KVMN,Độc lập,Khác,B2B
TGPP,60000493,KVMN,Độc lập,Khác,B2B
TGPP,60000494,KVMN,Độc lập,Khác,B2B
TGPP,60000496,KVMN,Độc lập,Khác,B2B
TGPP,60000497,KVMN,Độc lập,Khác,B2B
TGPP,60000498,KVMN,Độc lập,Khác,B2B
TGPP,60000502,KVMN,Độc lập,Khác,B2B
TGPP,60000505,KVMN,Độc lập,Khác,B2B
TGPP,60000507,KVMN,Độc lập,Khác,B2B
TGPP,60000508,KVMN,Độc lập,Khác,B2B
TGPP,60000509,KVMN,Độc lập,Khác,B2B
TGPP,60000510,KVMN,Độc lập,Khác,B2B
TGPP,60000511,KVMN,Độc lập,Khác,B2B
TGPP,60000512,KVMN,Độc lập,Khác,B2B
TGPP,60000513,KVMN,Độc lập,Khác,B2B
TGPP,60000514,KVMN,Độc lập,Khác,B2B
TGPP,60000515,KVMN,Độc lập,Khác,B2B
TGPP,60000517,KVMN,Độc lập,Khác,B2B
TGPP,60000519,KVMN,Độc lập,Khác,B2B
TGPP,60000520,KVMN,Độc lập,Khác,B2B
TGPP,60000521,KVMN,Độc lập,Khác,B2B
TGPP,60000522,KVMN,Độc lập,Khác,B2B
TGPP,60000523,KVMN,Độc lập,Khác,B2B
TGPP,60000524,KVMN,Độc lập,Khác,B2B
TGPP,60000525,KVMN,Độc lập,Khác,B2B
TGPP,60000528,KVMN,Độc lập,Khác,B2B
TGPP,60000529,KVMN,Độc lập,Khác,B2B
TGPP,60000530,KVMN,Độc lập,Khác,B2B
TGPP,60000531,KVMN,Độc lập,Khác,B2B
TGPP,60000532,KVMN,Độc lập,Khác,B2B
TGPP,60000605,KVMN,Độc lập,Khác,B2B
TGPP,60000607,KVMN,Độc lập,Khác,B2B
TGPP,60000609,KVMN,Độc lập,Khác,B2B
TGPP,60000610,KVMN,Độc lập,Khác,B2B
TGPP,60000611,KVMN,Độc lập,Khác,B2B
TGPP,60000612,KVMN,Độc lập,Khác,B2B
TGPP,60000613,KVMN,Độc lập,Khác,B2B
TGPP,60000614,KVMN,Độc lập,Khác,B2B
TGPP,60000615,KVMN,Độc lập,Khác,B2B
TGPP,60000616,KVMN,Độc lập,Khác,B2B
TGPP,60000618,KVMN,Độc lập,Khác,B2B
TGPP,60000619,KVMN,Độc lập,Khác,B2B
TGPP,60000620,KVMN,Độc lập,Khác,B2B
TGPP,60000621,KVMN,Độc lập,Khác,B2B
TGPP,60000622,KVMN,Độc lập,Khác,B2B
TGPP,60000641,KVMN,Độc lập,Khác,B2B
TGPP,60000642,KVMN,Độc lập,Khác,B2B
TGPP,60000646,KVMT,Độc lập,Khác,B2B
TGPP,60000654,KVMT,Độc lập,Khác,B2B
TGPP,60000655,KVMT,Độc lập,Khác,B2B
TGPP,60000656,KVMT,Độc lập,Khác,B2B
TGPP,60000658,KVMT,Độc lập,Khác,B2B
TGPP,60000659,KVMT,Độc lập,Khác,B2B
TGPP,60000660,KVMT,Độc lập,Khác,B2B
TGPP,60000662,KVMT,Độc lập,Khác,B2B
TGPP,60000664,KVMT,Độc lập,Khác,B2B
TGPP,60000665,KVMT,Độc lập,Khác,B2B
TGPP,60000666,KVMT,Độc lập,Khác,B2B
TGPP,60000668,KVMT,Độc lập,Khác,B2B
TGPP,60000669,KVMT,Độc lập,Khác,B2B
TGPP,60000673,KVMT,Độc lập,Khác,B2B
TGPP,60000675,KVMT,Độc lập,Khác,B2B
TGPP,60000677,KVMT,Độc lập,Khác,B2B
TGPP,60000679,KVMT,Độc lập,Khác,B2B
TGPP,60000682,KVMT,Độc lập,Khác,B2B
TGPP,60000683,KVMT,Độc lập,Khác,B2B
TGPP,60000684,KVMT,Độc lập,Khác,B2B
TGPP,60000685,KVMT,Độc lập,Khác,B2B
TGPP,60000686,KVMT,Độc lập,Khác,B2B
TGPP,60000687,KVMT,Độc lập,Khác,B2B
TGPP,60000689,KVMT,Độc lập,Khác,B2B
TGPP,60000690,KVMT,Độc lập,Khác,B2B
TGPP,60000691,KVMT,Độc lập,Khác,B2B
TGPP,60000692,KVMT,Độc lập,Khác,B2B
TGPP,60000693,KVMT,Độc lập,Khác,B2B
TGPP,60000695,KVMT,Độc lập,Khác,B2B
TGPP,60000696,KVMT,Độc lập,Khác,B2B
TGPP,60000698,KVMT,Độc lập,Khác,B2B
TGPP,60000699,KVMT,Độc lập,Khác,B2B
TGPP,60000702,KVMT,Độc lập,Khác,B2B
TGPP,60000704,KVMT,Độc lập,Khác,B2B
TGPP,60000705,KVMT,Độc lập,Khác,B2B
TGPP,60000707,KVMT,Độc lập,Khác,B2B
TGPP,60000708,KVMT,Độc lập,Khác,B2B
TGPP,60000709,KVMT,Độc lập,Khác,B2B
TGPP,60000712,KVMT,Độc lập,Khác,B2B
TGPP,60000714,KVMT,Độc lập,Khác,B2B
TGPP,60000718,KVMT,Độc lập,Khác,B2B
TGPP,60000720,KVMT,Độc lập,Khác,B2B
TGPP,60000724,KVMT,Độc lập,Khác,B2B
TGPP,60000725,KVMT,Độc lập,Khác,B2B
TGPP,60000726,KVMT,Độc lập,Khác,B2B
TGPP,60000727,KVMT,Độc lập,Khác,B2B
TGPP,60000728,KVMT,Độc lập,Khác,B2B
TGPP,60000729,KVMT,Độc lập,Khác,B2B
TGPP,60000730,KVMT,Độc lập,Khác,B2B
TGPP,60000732,KVMT,Độc lập,Khác,B2B
TGPP,60000733,KVMT,Độc lập,Khác,B2B
TGPP,60000734,KVMT,Độc lập,Khác,B2B
TGPP,60000735,KVMT,Độc lập,Khác,B2B
TGPP,60000736,KVMT,Độc lập,Khác,B2B
TGPP,60000737,KVMT,Độc lập,Khác,B2B
TGPP,60000738,KVMT,Độc lập,Khác,B2B
TGPP,60000739,KVMT,Độc lập,Khác,B2B
TGPP,60000741,KVMT,Độc lập,Khác,B2B
TGPP,60000742,KVMT,Độc lập,Khác,B2B
TGPP,60000744,KVMT,Độc lập,Khác,B2B
TGPP,60000747,KVMT,Độc lập,Khác,B2B
TGPP,60000749,KVMT,Độc lập,Khác,B2B
TGPP,60000750,KVMT,Độc lập,Khác,B2B
TGPP,60000751,KVMT,Độc lập,Khác,B2B
TGPP,60000754,KVMT,Độc lập,Khác,B2B
TGPP,60000755,KVMT,Độc lập,Khác,B2B
TGPP,60000756,KVMT,Độc lập,Khác,B2B
TGPP,60000757,KVMT,Độc lập,Khác,B2B
TGPP,60000760,KVMT,Độc lập,Khác,B2B
TGPP,60000761,KVMT,Độc lập,Khác,B2B
TGPP,60000762,KVMT,Độc lập,Khác,B2B
TGPP,60000763,KVMT,Độc lập,Khác,B2B
TGPP,60000764,KVMT,Độc lập,Khác,B2B
TGPP,60000765,KVMT,Độc lập,Khác,B2B
TGPP,60000766,KVMT,Độc lập,Khác,B2B
TGPP,60000767,KVMT,Độc lập,Khác,B2B
TGPP,60000769,KVMT,Độc lập,Khác,B2B
TGPP,60000770,KVMT,Độc lập,Khác,B2B
TGPP,60000771,KVMT,Độc lập,Khác,B2B
TGPP,60000772,KVMT,Độc lập,Khác,B2B
TGPP,60000773,KVMT,Độc lập,Khác,B2B
TGPP,60000774,KVMT,Độc lập,Khác,B2B
TGPP,60000775,KVMT,Độc lập,Khác,B2B
TGPP,60000776,KVMT,Độc lập,Khác,B2B
TGPP,60000777,KVMT,Độc lập,Khác,B2B
TGPP,60000778,KVMT,Độc lập,Khác,B2B
TGPP,60000782,KVMT,Độc lập,Khác,B2B
TGPP,60000784,KVMT,Độc lập,Khác,B2B
TGPP,60000786,KVMT,Độc lập,Khác,B2B
TGPP,60000787,KVMT,Độc lập,Khác,B2B
TGPP,60000788,KVMT,Độc lập,Khác,B2B
TGPP,60000789,KVMT,Độc lập,Khác,B2B
TGPP,60000790,KVMT,Độc lập,Khác,B2B
TGPP,60000791,KVMT,Độc lập,Khác,B2B
TGPP,60000793,KVMT,Độc lập,Khác,B2B
TGPP,60000794,KVMT,Độc lập,Khác,B2B
TGPP,60000795,KVMT,Độc lập,Khác,B2B
TGPP,60000803,KVMT,Độc lập,Khác,B2B
TGPP,60000806,KVMT,Độc lập,Khác,B2B
TGPP,60000807,KVMT,Độc lập,Khác,B2B
TGPP,60000814,KVMT,Độc lập,Khác,B2B
TGPP,60000816,KVMT,Độc lập,Khác,B2B
TGPP,60000817,KVMT,Độc lập,Khác,B2B
TGPP,60000818,KVMT,Độc lập,Khác,B2B
TGPP,60000821,KVMT,Độc lập,Khác,B2B
TGPP,60000822,KVMT,Độc lập,Khác,B2B
TGPP,60000823,KVMT,Độc lập,Khác,B2B
TGPP,60000824,KVMT,Độc lập,Khác,B2B
TGPP,60000825,KVMT,Độc lập,Khác,B2B
TGPP,60000829,KVMT,Độc lập,Khác,B2B
TGPP,60000830,KVMT,Độc lập,Khác,B2B
TGPP,60000831,KVMT,Độc lập,Khác,B2B
TGPP,60000832,KVMT,Độc lập,Khác,B2B
TGPP,60000833,KVMT,Độc lập,Khác,B2B
TGPP,60000834,KVMT,Độc lập,Khác,B2B
TGPP,60000836,KVMT,Độc lập,Khác,B2B
TGPP,60000840,KVMT,Độc lập,Khác,B2B
TGPP,60000841,KVMT,Độc lập,Khác,B2B
TGPP,60000842,KVMT,Độc lập,Khác,B2B
TGPP,60000845,KVMT,Độc lập,Khác,B2B
TGPP,60000846,KVMT,Độc lập,Khác,B2B
TGPP,60000847,KVMT,Độc lập,Khác,B2B
TGPP,60000849,KVMT,Độc lập,Khác,B2B
TGPP,60000853,KVMT,Độc lập,Khác,B2B
TGPP,60000854,KVMT,Độc lập,Khác,B2B
TGPP,60000855,KVMT,Độc lập,Khác,B2B
TGPP,60000856,KVMT,Độc lập,Khác,B2B
TGPP,60000857,KVMT,Độc lập,Khác,B2B
TGPP,60000858,KVMT,Độc lập,Khác,B2B
TGPP,60000859,KVMT,Độc lập,Khác,B2B
TGPP,60000867,KVMT,Độc lập,Khác,B2B
TGPP,60000869,KVMT,Độc lập,Khác,B2B
TGPP,60000871,KVMT,Độc lập,Khác,B2B
TGPP,60000872,KVMT,Độc lập,Khác,B2B
TGPP,60000873,KVMT,Độc lập,Khác,B2B
TGPP,60000876,KVMT,Độc lập,Khác,B2B
TGPP,60000877,KVMT,Độc lập,Khác,B2B
TGPP,60000878,KVMT,Độc lập,Khác,B2B
TGPP,60000879,KVMT,Độc lập,Khác,B2B
TGPP,60000885,KVMT,Độc lập,Khác,B2B
TGPP,60000888,KVMT,Độc lập,Khác,B2B
TGPP,60000889,KVMT,Độc lập,Khác,B2B
TGPP,60000892,KVMT,Độc lập,Khác,B2B
TGPP,60000894,KVMT,Độc lập,Khác,B2B
TGPP,60000895,KVMT,Độc lập,Khác,B2B
TGPP,60000896,KVMT,Độc lập,Khác,B2B
TGPP,60000898,KVMT,Độc lập,Khác,B2B
TGPP,60000899,KVMT,Độc lập,Khác,B2B
TGPP,60000900,KVMT,Độc lập,Khác,B2B
TGPP,60000903,KVMT,Độc lập,Khác,B2B
TGPP,60000906,KVMT,Độc lập,Khác,B2B
TGPP,60000907,KVMT,Độc lập,Khác,B2B
TGPP,60000908,KVMT,Độc lập,Khác,B2B
TGPP,60000910,KVMT,Độc lập,Khác,B2B
TGPP,60000913,KVMN,Độc lập,Khác,B2B
TGPP,60000915,KVMT,Độc lập,Khác,B2B
TGPP,60000920,KVTN,Độc lập,Khác,B2B
TGPP,60000922,KVTN,Độc lập,Khác,B2B
TGPP,60000925,KVTN,Độc lập,Khác,B2B
TGPP,60000929,KVTN,Độc lập,Khác,B2B
TGPP,60000930,KVTN,Độc lập,Khác,B2B
TGPP,60000931,KVTN,Độc lập,Khác,B2B
TGPP,60000933,KVTN,Độc lập,Khác,B2B
TGPP,60000937,KVTN,Độc lập,Khác,B2B
TGPP,60000939,KVTN,Độc lập,Khác,B2B
TGPP,60000943,KVTN,Độc lập,Khác,B2B
TGPP,60000944,KVTN,Độc lập,Khác,B2B
TGPP,60000945,KVTN,Độc lập,Khác,B2B
TGPP,60000946,KVTN,Độc lập,Khác,B2B
TGPP,60000947,KVTN,Độc lập,Khác,B2B
TGPP,60000948,KVTN,Độc lập,Khác,B2B
TGPP,60000949,KVTN,Độc lập,Khác,B2B
TGPP,60000950,KVTN,Độc lập,Khác,B2B
TGPP,60000951,KVTN,Độc lập,Khác,B2B
TGPP,60000953,KVTN,Độc lập,Khác,B2B
TGPP,60000959,KVTN,Độc lập,Khác,B2B
TGPP,60000961,KVTN,Độc lập,Khác,B2B
TGPP,60000962,KVTN,Độc lập,Khác,B2B
TGPP,60000964,KVTN,Độc lập,Khác,B2B
TGPP,60000966,KVTN,Độc lập,Khác,B2B
TGPP,60000969,KVTN,Độc lập,Khác,B2B
TGPP,60000971,KVTN,Độc lập,Khác,B2B
TGPP,60000972,KVTN,Độc lập,Khác,B2B
TGPP,60000973,KVTN,Độc lập,Khác,B2B
TGPP,60000974,KVTN,Độc lập,Khác,B2B
TGPP,60000976,KVTN,Độc lập,Khác,B2B
TGPP,60000978,KVTN,Độc lập,Khác,B2B
TGPP,60000980,KVTN,Độc lập,Khác,B2B
TGPP,60000982,KVTN,Độc lập,Khác,B2B
TGPP,60000983,KVTN,Độc lập,Khác,B2B
TGPP,60000985,KVTN,Độc lập,Khác,B2B
TGPP,60000987,KVTN,Độc lập,Khác,B2B
TGPP,60000988,KVTN,Độc lập,Khác,B2B
TGPP,60000989,KVTN,Độc lập,Khác,B2B
TGPP,60000991,KVTN,Độc lập,Khác,B2B
TGPP,60000993,KVTN,Độc lập,Khác,B2B
TGPP,60000995,KVTN,Độc lập,Khác,B2B
TGPP,60000996,KVTN,Độc lập,Khác,B2B
TGPP,60000997,KVTN,Độc lập,Khác,B2B
TGPP,60000998,KVTN,Độc lập,Khác,B2B
TGPP,60000999,KVTN,Độc lập,Khác,B2B
TGPP,60001000,KVTN,Độc lập,Khác,B2B
TGPP,60001003,KVTN,Độc lập,Khác,B2B
TGPP,60001006,KVTN,Độc lập,Khác,B2B
TGPP,60001007,KVTN,Độc lập,Khác,B2B
TGPP,60001008,KVTN,Độc lập,Khác,B2B
TGPP,60001009,KVTN,Độc lập,Khác,B2B
TGPP,60001010,KVTN,Độc lập,Khác,B2B
TGPP,60001011,KVTN,Độc lập,Khác,B2B
TGPP,60001014,KVTN,Độc lập,Khác,B2B
TGPP,60001015,KVTN,Độc lập,Khác,B2B
TGPP,60001016,KVTN,Độc lập,Khác,B2B
TGPP,60001017,KVTN,Độc lập,Khác,B2B
TGPP,60001019,KVTN,Độc lập,Khác,B2B
TGPP,60001020,KVTN,Độc lập,Khác,B2B
TGPP,60001021,KVTN,Độc lập,Khác,B2B
TGPP,60001023,KVTN,Độc lập,Khác,B2B
TGPP,60001024,KVTN,Độc lập,Khác,B2B
TGPP,60001026,KVTN,Độc lập,Khác,B2B
TGPP,60001027,KVTN,Độc lập,Khác,B2B
TGPP,60001028,KVTN,Độc lập,Khác,B2B
TGPP,60001029,KVTN,Độc lập,Khác,B2B
TGPP,60001031,KVTN,Độc lập,Khác,B2B
TGPP,60001032,KVTN,Độc lập,Khác,B2B
TGPP,60001034,KVTN,Độc lập,Khác,B2B
TGPP,60001037,KVTN,Độc lập,Khác,B2B
TGPP,60001039,KVTN,Độc lập,Khác,B2B
TGPP,60001040,KVTN,Độc lập,Khác,B2B
TGPP,60001041,KVTN,Độc lập,Khác,B2B
TGPP,60001042,KVTN,Độc lập,Khác,B2B
TGPP,60001044,KVTN,Độc lập,Khác,B2B
TGPP,60001045,KVTN,Độc lập,Khác,B2B
TGPP,60001050,KVTN,Độc lập,Khác,B2B
TGPP,60001051,KVTN,Độc lập,Khác,B2B
TGPP,60001052,KVTN,Độc lập,Khác,B2B
TGPP,60001055,KVTN,Độc lập,Khác,B2B
TGPP,60001056,KVTN,Độc lập,Khác,B2B
TGPP,60001057,KVTN,Độc lập,Khác,B2B
TGPP,60001059,KVTN,Độc lập,Khác,B2B
TGPP,60001061,KVTN,Độc lập,Khác,B2B
TGPP,60001062,KVTN,Độc lập,Khác,B2B
TGPP,60001063,KVTN,Độc lập,Khác,B2B
TGPP,60001065,KVTN,Độc lập,Khác,B2B
TGPP,60001066,KVTN,Độc lập,Khác,B2B
TGPP,60001070,KVTN,Độc lập,Khác,B2B
TGPP,60001071,KVTN,Độc lập,Khác,B2B
TGPP,60001072,KVTN,Độc lập,Khác,B2B
TGPP,60001075,KVTN,Độc lập,Khác,B2B
TGPP,60001076,KVTN,Độc lập,Khác,B2B
TGPP,60001077,KVTN,Độc lập,Khác,B2B
TGPP,60001078,KVTN,Độc lập,Khác,B2B
TGPP,60001079,KVTN,Độc lập,Khác,B2B
TGPP,60001085,KVTN,Độc lập,Khác,B2B
TGPP,60001087,KVTN,Độc lập,Khác,B2B
TGPP,60001090,KVTN,Độc lập,Khác,B2B
TGPP,60001091,KVTN,Độc lập,Khác,B2B
TGPP,60001095,KVTN,Độc lập,Khác,B2B
TGPP,60001096,KVTN,Độc lập,Khác,B2B
TGPP,60001097,KVTN,Độc lập,Khác,B2B
TGPP,60001098,KVTN,Độc lập,Khác,B2B
TGPP,60001100,KVTN,Độc lập,Khác,B2B
TGPP,60001101,KVTN,Độc lập,Khác,B2B
TGPP,60001102,KVTN,Độc lập,Khác,B2B
TGPP,60001103,KVTN,Độc lập,Khác,B2B
TGPP,60001105,KVTN,Độc lập,Khác,B2B
TGPP,60001106,KVTN,Độc lập,Khác,B2B
TGPP,60001108,KVTN,Độc lập,Khác,B2B
TGPP,60001109,KVTN,Độc lập,Khác,B2B
TGPP,60001112,KVTN,Độc lập,Khác,B2B
TGPP,60001117,KVTN,Độc lập,Khác,B2B
TGPP,60001118,KVTN,Độc lập,Khác,B2B
TGPP,60001119,KVTN,Độc lập,Khác,B2B
TGPP,60001121,KVTN,Độc lập,Khác,B2B
TGPP,60001125,KVTN,Độc lập,Khác,B2B
TGPP,60001127,KVTN,Độc lập,Khác,B2B
TGPP,60001128,KVTN,Độc lập,Khác,B2B
TGPP,60001129,KVTN,Độc lập,Khác,B2B
TGPP,60001130,KVTN,Độc lập,Khác,B2B
TGPP,60001131,KVTN,Độc lập,Khác,B2B
TGPP,60001134,KVTN,Độc lập,Khác,B2B
TGPP,60001135,KVTN,Độc lập,Khác,B2B
TGPP,60001138,KVTN,Độc lập,Khác,B2B
TGPP,60001146,KVTN,Độc lập,Khác,B2B
TGPP,60001147,KVTN,Độc lập,Khác,B2B
TGPP,60001148,KVTN,Độc lập,Khác,B2B
TGPP,60001150,KVTN,Độc lập,Khác,B2B
TGPP,60001151,KVTN,Độc lập,Khác,B2B
TGPP,60001152,KVTN,Độc lập,Khác,B2B
TGPP,60001154,KVTN,Độc lập,Khác,B2B
TGPP,60001169,KVMT,Độc lập,Khác,B2B
TGPP,60001170,KVMT,Độc lập,Khác,B2B
TGPP,60001195,KVMN,Độc lập,Khác,B2B
TGPP,60001198,KVMB,Độc lập,Khác,B2B
TGPP,60001200,KVMB,Độc lập,Khác,B2B
TGPP,60001202,KVMB,Độc lập,Khác,B2B
TGPP,60001204,KVMB,Độc lập,Khác,B2B
TGPP,60001205,KVMB,Độc lập,Khác,B2B
TGPP,60001206,KVMB,Độc lập,Khác,B2B
TGPP,60001209,KVMB,Độc lập,Khác,B2B
TGPP,60001210,KVMB,Độc lập,Khác,B2B
TGPP,60001212,KVMB,Độc lập,Khác,B2B
TGPP,60001213,KVMB,Độc lập,Khác,B2B
TGPP,60001216,KVMB,Độc lập,Khác,B2B
TGPP,60001224,KVMB,Độc lập,Khác,B2B
TGPP,60001225,KVMB,Độc lập,Khác,B2B
TGPP,60001226,KVMB,Độc lập,Khác,B2B
TGPP,60001227,KVMB,Độc lập,Khác,B2B
TGPP,60001230,KVMTR,Độc lập,Khác,B2B
TGPP,60001233,KVMTR,Độc lập,Khác,B2B
TGPP,60001237,KVMTR,Độc lập,Khác,B2B
TGPP,60001238,KVMTR,Độc lập,Khác,B2B
TGPP,60001242,KVMTR,Độc lập,Khác,B2B
TGPP,60001244,KVMTR,Độc lập,Khác,B2B
TGPP,60001245,KVMTR,Độc lập,Khác,B2B
TGPP,60001246,KVMTR,Độc lập,Khác,B2B
TGPP,60001247,KVMTR,Độc lập,Khác,B2B
TGPP,60001249,KVMTR,Độc lập,Khác,B2B
TGPP,60001251,KVMTR,Độc lập,Khác,B2B
TGPP,60001252,KVMTR,Độc lập,Khác,B2B
TGPP,60001253,KVMTR,Độc lập,Khác,B2B
TGPP,60001254,KVMTR,Độc lập,Khác,B2B
TGPP,60001255,KVMTR,Độc lập,Khác,B2B
TGPP,60001259,KVMTR,Độc lập,Khác,B2B
TGPP,60001262,KVMTR,Độc lập,Khác,B2B
TGPP,60001263,KVMTR,Độc lập,Khác,B2B
TGPP,60001266,KVMTR,Độc lập,Khác,B2B
TGPP,60001267,KVMTR,Độc lập,Khác,B2B
TGPP,60001270,KVMTR,Độc lập,Khác,B2B
TGPP,60001271,KVMTR,Độc lập,Khác,B2B
TGPP,60001272,KVMTR,Độc lập,Khác,B2B
TGPP,60001273,KVMTR,Độc lập,Khác,B2B
TGPP,60001274,KVMTR,Độc lập,Khác,B2B
TGPP,60001275,KVMTR,Độc lập,Khác,B2B
TGPP,60001276,KVMTR,Độc lập,Khác,B2B
TGPP,60001281,KVMTR,Độc lập,Khác,B2B
TGPP,60001285,KVMTR,Độc lập,Khác,B2B
TGPP,60001291,KVMTR,Độc lập,Khác,B2B
TGPP,60001296,KVMTR,Độc lập,Khác,B2B
TGPP,60001303,KVMTR,Độc lập,Khác,B2B
TGPP,60001305,KVMTR,Độc lập,Khác,B2B
TGPP,60001306,KVMTR,Độc lập,Khác,B2B
TGPP,60001309,KVMTR,Độc lập,Khác,B2B
TGPP,60001312,KVMTR,Độc lập,Khác,B2B
TGPP,60001313,KVMTR,Độc lập,Khác,B2B
TGPP,60001315,KVMTR,Độc lập,Khác,B2B
TGPP,60001316,KVMTR,Độc lập,Khác,B2B
TGPP,60001318,KVMTR,Độc lập,Khác,B2B
TGPP,60001321,KVMTR,Độc lập,Khác,B2B
TGPP,60001323,KVMTR,Độc lập,Khác,B2B
TGPP,60001324,KVMTR,Độc lập,Khác,B2B
TGPP,60001326,KVMTR,Độc lập,Khác,B2B
TGPP,60001328,KVMTR,Độc lập,Khác,B2B
TGPP,60001330,KVMTR,Độc lập,Khác,B2B
TGPP,60001331,KVMTR,Độc lập,Khác,B2B
TGPP,60001332,KVMTR,Độc lập,Khác,B2B
TGPP,60001340,KVMTR,Độc lập,Khác,B2B
TGPP,60001342,KVMTR,Độc lập,Khác,B2B
TGPP,60001346,KVMTR,Độc lập,Khác,B2B
TGPP,60001353,KVTN,Độc lập,Khác,B2B
TGPP,60001354,KVTN,Độc lập,Khác,B2B
TGPP,60001355,KVTN,Độc lập,Khác,B2B
TGPP,60001359,KVTN,Độc lập,Khác,B2B
TGPP,60001360,KVTN,Độc lập,Khác,B2B
TGPP,60001364,KVTN,Độc lập,Khác,B2B
TGPP,60001365,KVTN,Độc lập,Khác,B2B
TGPP,60001368,KVTN,Độc lập,Khác,B2B
TGPP,60001369,KVTN,Độc lập,Khác,B2B
TGPP,60001374,KVMB,Độc lập,Khác,B2B
TGPP,60001375,KVTN,Độc lập,Khác,B2B
TGPP,60001383,KVTN,Độc lập,Khác,B2B
TGPP,60001384,KVMB,Độc lập,Khác,B2B
TGPP,60001385,KVMB,Độc lập,Khác,B2B
TGPP,60001394,KVTN,Độc lập,Khác,B2B
TGPP,60001395,KVMT,Độc lập,Khác,B2B
TGPP,60001396,KVTN,Độc lập,Khác,B2B
TGPP,60001397,KVMTR,Độc lập,Khác,B2B
TGPP,60001400,KVMN,Độc lập,Khác,B2B
TGPP,60001401,KVMN,Độc lập,Khác,B2B
TGPP,60001403,KVMN,Độc lập,Khác,B2B
TGPP,60001406,KVMN,Độc lập,Khác,B2B
TGPP,60001409,KVMN,Độc lập,Khác,B2B
TGPP,60001415,KVMN,Độc lập,Khác,B2B
TGPP,60001420,KVMTR,Độc lập,Khác,B2B
TGPP,60001421,KVMN,Độc lập,Khác,B2B
TGPP,60001426,KVMTR,Độc lập,Khác,B2B
TGPP,60001429,KVMTR,Độc lập,Khác,B2B
TGPP,60001430,KVMB,Độc lập,Khác,B2B
TGPP,60001431,KVMB,Độc lập,Khác,B2B
TGPP,60001432,KVMB,Độc lập,Khác,B2B
TGPP,60001433,KVMB,Độc lập,Khác,B2B
TGPP,60001434,KVMB,Độc lập,Khác,B2B
TGPP,60001435,KVMB,Độc lập,Khác,B2B
TGPP,60001436,KVMB,Độc lập,Khác,B2B
TGPP,60001438,KVMB,Độc lập,Khác,B2B
TGPP,60001439,KVMB,Độc lập,Khác,B2B
TGPP,60001440,KVMB,Độc lập,Khác,B2B
TGPP,60001441,KVMB,Độc lập,Khác,B2B
TGPP,60001444,KVMB,Độc lập,Khác,B2B
TGPP,60001445,KVMB,Độc lập,Khác,B2B
TGPP,60001448,KVMB,Độc lập,Khác,B2B
TGPP,60001449,KVMB,Độc lập,Khác,B2B
TGPP,60001450,KVMB,Độc lập,Khác,B2B
TGPP,60001456,KVMB,Độc lập,Khác,B2B
TGPP,60001457,KVMB,Độc lập,Khác,B2B
TGPP,60001458,KVMB,Độc lập,Khác,B2B
TGPP,60001461,KVMB,Độc lập,Khác,B2B
TGPP,60001464,KVMB,Độc lập,Khác,B2B
TGPP,60001466,KVMB,Độc lập,Khác,B2B
TGPP,60001467,KVMB,Độc lập,Khác,B2B
TGPP,60001470,KVMB,Độc lập,Khác,B2B
TGPP,60001472,KVMB,Độc lập,Khác,B2B
TGPP,60001473,KVMB,Độc lập,Khác,B2B
TGPP,60001474,KVMB,Độc lập,Khác,B2B
TGPP,60001477,KVMB,Độc lập,Khác,B2B
TGPP,60001478,KVMB,Độc lập,Khác,B2B
TGPP,60001480,KVMB,Độc lập,Khác,B2B
TGPP,60001483,KVMB,Độc lập,Khác,B2B
TGPP,60001488,KVMB,Độc lập,Khác,B2B
TGPP,60001489,KVMB,Độc lập,Khác,B2B
TGPP,60001490,KVMB,Độc lập,Khác,B2B
TGPP,60001492,KVMB,Độc lập,Khác,B2B
TGPP,60001495,KVMB,Độc lập,Khác,B2B
TGPP,60001496,KVMB,Độc lập,Khác,B2B
TGPP,60001500,KVMB,Độc lập,Khác,B2B
TGPP,60001501,KVMB,Độc lập,Khác,B2B
TGPP,60001502,KVMB,Độc lập,Khác,B2B
TGPP,60001504,KVMB,Độc lập,Khác,B2B
TGPP,60001506,KVMB,Độc lập,Khác,B2B
TGPP,60001508,KVMB,Độc lập,Khác,B2B
TGPP,60001509,KVMB,Độc lập,Khác,B2B
TGPP,60001512,KVMB,Độc lập,Khác,B2B
TGPP,60001513,KVMB,Độc lập,Khác,B2B
TGPP,60001514,KVMB,Độc lập,Khác,B2B
TGPP,60001515,KVMB,Độc lập,Khác,B2B
TGPP,60001516,KVMB,Độc lập,Khác,B2B
TGPP,60001517,KVMB,Độc lập,Khác,B2B
TGPP,60001521,KVMB,Độc lập,Khác,B2B
TGPP,60001522,KVMB,Độc lập,Khác,B2B
TGPP,60001523,KVMB,Độc lập,Khác,B2B
TGPP,60001526,KVMB,Độc lập,Khác,B2B
TGPP,60001527,KVMB,Độc lập,Khác,B2B
TGPP,60001528,KVMB,Độc lập,Khác,B2B
TGPP,60001529,KVMB,Độc lập,Khác,B2B
TGPP,60001530,KVMB,Độc lập,Khác,B2B
TGPP,60001532,KVMB,Độc lập,Khác,B2B
TGPP,60001533,KVMB,Độc lập,Khác,B2B
TGPP,60001534,KVMB,Độc lập,Khác,B2B
TGPP,60001535,KVMB,Độc lập,Khác,B2B
TGPP,60001536,KVMB,Độc lập,Khác,B2B
TGPP,60001539,KVMB,Độc lập,Khác,B2B
TGPP,60001540,KVMB,Độc lập,Khác,B2B
TGPP,60001542,KVMB,Độc lập,Khác,B2B
TGPP,60001545,KVMB,Độc lập,Khác,B2B
TGPP,60001547,KVMB,Độc lập,Khác,B2B
TGPP,60001550,KVMB,Độc lập,Khác,B2B
TGPP,60001551,KVMB,Độc lập,Khác,B2B
TGPP,60001553,KVMB,Độc lập,Khác,B2B
TGPP,60001556,KVMB,Độc lập,Khác,B2B
TGPP,60001561,KVMB,Độc lập,Khác,B2B
TGPP,60001562,KVMB,Độc lập,Khác,B2B
TGPP,60001564,KVMB,Độc lập,Khác,B2B
TGPP,60001567,KVMB,Độc lập,Khác,B2B
TGPP,60001570,KVMB,Độc lập,Khác,B2B
TGPP,60001571,KVMB,Độc lập,Khác,B2B
TGPP,60001572,KVMB,Độc lập,Khác,B2B
TGPP,60001573,KVMB,Độc lập,Khác,B2B
TGPP,60001575,KVMB,Độc lập,Khác,B2B
TGPP,60001577,KVMB,Độc lập,Khác,B2B
TGPP,60001578,KVMB,Độc lập,Khác,B2B
TGPP,60001579,KVMB,Độc lập,Khác,B2B
TGPP,60001582,KVMB,Độc lập,Khác,B2B
TGPP,60001583,KVMB,Độc lập,Khác,B2B
TGPP,60001584,KVMB,Độc lập,Khác,B2B
TGPP,60001586,KVMB,Độc lập,Khác,B2B
TGPP,60001587,KVMB,Độc lập,Khác,B2B
TGPP,60001589,KVMB,Độc lập,Khác,B2B
TGPP,60001592,KVMB,Độc lập,Khác,B2B
TGPP,60001593,KVMB,Độc lập,Khác,B2B
TGPP,60001594,KVMB,Độc lập,Khác,B2B
TGPP,60001595,KVMB,Độc lập,Khác,B2B
TGPP,60001596,KVMB,Độc lập,Khác,B2B
TGPP,60001597,KVMB,Độc lập,Khác,B2B
TGPP,60001598,KVMB,Độc lập,Khác,B2B
TGPP,60001601,KVMB,Độc lập,Khác,B2B
TGPP,60001602,KVMB,Độc lập,Khác,B2B
TGPP,60001603,KVMB,Độc lập,Khác,B2B
TGPP,60001607,KVMB,Độc lập,Khác,B2B
TGPP,60001608,KVMB,Độc lập,Khác,B2B
TGPP,60001611,KVMB,Độc lập,Khác,B2B
TGPP,60001612,KVMB,Độc lập,Khác,B2B
TGPP,60001613,KVMB,Độc lập,Khác,B2B
TGPP,60001614,KVMB,Độc lập,Khác,B2B
TGPP,60001615,KVMB,Độc lập,Khác,B2B
TGPP,60001616,KVMB,Độc lập,Khác,B2B
TGPP,60001617,KVMB,Độc lập,Khác,B2B
TGPP,60001619,KVMB,Độc lập,Khác,B2B
TGPP,60001620,KVMB,Độc lập,Khác,B2B
TGPP,60001621,KVMB,Độc lập,Khác,B2B
TGPP,60001623,KVMB,Độc lập,Khác,B2B
TGPP,60001624,KVMB,Độc lập,Khác,B2B
TGPP,60001625,KVMB,Độc lập,Khác,B2B
TGPP,60001626,KVMB,Độc lập,Khác,B2B
TGPP,60001628,KVMB,Độc lập,Khác,B2B
TGPP,60001630,KVMB,Độc lập,Khác,B2B
TGPP,60001631,KVMB,Độc lập,Khác,B2B
TGPP,60001632,KVMB,Độc lập,Khác,B2B
TGPP,60001635,KVMB,Độc lập,Khác,B2B
TGPP,60001637,KVMB,Độc lập,Khác,B2B
TGPP,60001639,KVMB,Độc lập,Khác,B2B
TGPP,60001640,KVMB,Độc lập,Khác,B2B
TGPP,60001641,KVMB,Độc lập,Khác,B2B
TGPP,60001643,KVMB,Độc lập,Khác,B2B
TGPP,60001644,KVMB,Độc lập,Khác,B2B
TGPP,60001645,KVMB,Độc lập,Khác,B2B
TGPP,60001646,KVMB,Độc lập,Khác,B2B
TGPP,60001647,KVMB,Độc lập,Khác,B2B
TGPP,60001648,KVMB,Độc lập,Khác,B2B
TGPP,60001649,KVMB,Độc lập,Khác,B2B
TGPP,60001652,KVMB,Độc lập,Khác,B2B
TGPP,60001656,KVMB,Độc lập,Khác,B2B
TGPP,60001657,KVMB,Độc lập,Khác,B2B
TGPP,60001658,KVMB,Độc lập,Khác,B2B
TGPP,60001660,KVMB,Độc lập,Khác,B2B
TGPP,60001661,KVMB,Độc lập,Khác,B2B
TGPP,60001662,KVMB,Độc lập,Khác,B2B
TGPP,60001663,KVMB,Độc lập,Khác,B2B
TGPP,60001664,KVMB,Độc lập,Khác,B2B
TGPP,60001665,KVMB,Độc lập,Khác,B2B
TGPP,60001667,KVMB,Độc lập,Khác,B2B
TGPP,60001668,KVMB,Độc lập,Khác,B2B
TGPP,60001670,KVMB,Độc lập,Khác,B2B
TGPP,60001671,KVMB,Độc lập,Khác,B2B
TGPP,60001672,KVMB,Độc lập,Khác,B2B
TGPP,60001673,KVMB,Độc lập,Khác,B2B
TGPP,60001674,KVMB,Độc lập,Khác,B2B
TGPP,60001675,KVMB,Độc lập,Khác,B2B
TGPP,60001676,KVMB,Độc lập,Khác,B2B
TGPP,60001680,KVMB,Độc lập,Khác,B2B
TGPP,60001681,KVMB,Độc lập,Khác,B2B
TGPP,60001682,KVMB,Độc lập,Khác,B2B
TGPP,60001683,KVMB,Độc lập,Khác,B2B
TGPP,60001684,KVMB,Độc lập,Khác,B2B
TGPP,60001685,KVMB,Độc lập,Khác,B2B
TGPP,60001686,KVMB,Độc lập,Khác,B2B
TGPP,60001687,KVMB,Độc lập,Khác,B2B
TGPP,60001688,KVMB,Độc lập,Khác,B2B
TGPP,60001689,KVMB,Độc lập,Khác,B2B
TGPP,60001690,KVMB,Độc lập,Khác,B2B
TGPP,60001691,KVMB,Độc lập,Khác,B2B
TGPP,60001697,KVMB,Độc lập,Khác,B2B
TGPP,60001698,KVMB,Độc lập,Khác,B2B
TGPP,60001699,KVMB,Độc lập,Khác,B2B
TGPP,60001700,KVMB,Độc lập,Khác,B2B
TGPP,60001701,KVMB,Độc lập,Khác,B2B
TGPP,60001702,KVMB,Độc lập,Khác,B2B
TGPP,60001705,KVMB,Độc lập,Khác,B2B
TGPP,60001706,KVMB,Độc lập,Khác,B2B
TGPP,60001708,KVMB,Độc lập,Khác,B2B
TGPP,60001711,KVMB,Độc lập,Khác,B2B
TGPP,60001713,KVMB,Độc lập,Khác,B2B
TGPP,60001714,KVMB,Độc lập,Khác,B2B
TGPP,60001715,KVMB,Độc lập,Khác,B2B
TGPP,60001717,KVMB,Độc lập,Khác,B2B
TGPP,60001718,KVMB,Độc lập,Khác,B2B
TGPP,60001719,KVMB,Độc lập,Khác,B2B
TGPP,60001720,KVMB,Độc lập,Khác,B2B
TGPP,60001722,KVMB,Độc lập,Khác,B2B
TGPP,60001723,KVMB,Độc lập,Khác,B2B
TGPP,60001725,KVMB,Độc lập,Khác,B2B
TGPP,60001726,KVMB,Độc lập,Khác,B2B
TGPP,60001727,KVMB,Độc lập,Khác,B2B
TGPP,60001728,KVMB,Độc lập,Khác,B2B
TGPP,60001729,KVMB,Độc lập,Khác,B2B
TGPP,60001731,KVMB,Độc lập,Khác,B2B
TGPP,60001732,KVMB,Độc lập,Khác,B2B
TGPP,60001733,KVMB,Độc lập,Khác,B2B
TGPP,60001734,KVMB,Độc lập,Khác,B2B
TGPP,60001735,KVMB,Độc lập,Khác,B2B
TGPP,60001741,KVMB,Độc lập,Khác,B2B
TGPP,60001742,KVMB,Độc lập,Khác,B2B
TGPP,60001744,KVMB,Độc lập,Khác,B2B
TGPP,60001746,KVMB,Độc lập,Khác,B2B
TGPP,60001747,KVMB,Độc lập,Khác,B2B
TGPP,60001748,KVMB,Độc lập,Khác,B2B
TGPP,60001749,KVMB,Độc lập,Khác,B2B
TGPP,60001750,KVMB,Độc lập,Khác,B2B
TGPP,60001751,KVMB,Độc lập,Khác,B2B
TGPP,60001754,KVMB,Độc lập,Khác,B2B
TGPP,60001757,KVMB,Độc lập,Khác,B2B
TGPP,60001758,KVMB,Độc lập,Khác,B2B
TGPP,60001759,KVMB,Độc lập,Khác,B2B
TGPP,60001760,KVMB,Độc lập,Khác,B2B
TGPP,60001761,KVMB,Độc lập,Khác,B2B
TGPP,60001763,KVMB,Độc lập,Khác,B2B
TGPP,60001766,KVMB,Độc lập,Khác,B2B
TGPP,60001767,KVMB,Độc lập,Khác,B2B
TGPP,60001768,KVMB,Độc lập,Khác,B2B
TGPP,60001770,KVMB,Độc lập,Khác,B2B
TGPP,60001772,KVMB,Độc lập,Khác,B2B
TGPP,60001773,KVMB,Độc lập,Khác,B2B
TGPP,60001774,KVMB,Độc lập,Khác,B2B
TGPP,60001775,KVMB,Độc lập,Khác,B2B
TGPP,60001776,KVMB,Độc lập,Khác,B2B
TGPP,60001777,KVMB,Độc lập,Khác,B2B
TGPP,60001778,KVMB,Độc lập,Khác,B2B
TGPP,60001779,KVMB,Độc lập,Khác,B2B
TGPP,60001780,KVMB,Độc lập,Khác,B2B
TGPP,60001781,KVMB,Độc lập,Khác,B2B
TGPP,60001782,KVMB,Độc lập,Khác,B2B
TGPP,60001791,KVMB,Độc lập,Khác,B2B
TGPP,60001792,KVMB,Độc lập,Khác,B2B
TGPP,60001793,KVMB,Độc lập,Khác,B2B
TGPP,60001797,KVMB,Độc lập,Khác,B2B
TGPP,60001801,KVMB,Độc lập,Khác,B2B
TGPP,60001802,KVMB,Độc lập,Khác,B2B
TGPP,60001805,KVMB,Độc lập,Khác,B2B
TGPP,60001806,KVMB,Độc lập,Khác,B2B
TGPP,60001807,KVMB,Độc lập,Khác,B2B
TGPP,60001808,KVMB,Độc lập,Khác,B2B
TGPP,60001809,KVMB,Độc lập,Khác,B2B
TGPP,60001810,KVMB,Độc lập,Khác,B2B
TGPP,60001811,KVMB,Độc lập,Khác,B2B
TGPP,60001812,KVMB,Độc lập,Khác,B2B
TGPP,60001813,KVMB,Độc lập,Khác,B2B
TGPP,60001814,KVMB,Độc lập,Khác,B2B
TGPP,60001816,KVMB,Độc lập,Khác,B2B
TGPP,60001817,KVMB,Độc lập,Khác,B2B
TGPP,60001818,KVMB,Độc lập,Khác,B2B
TGPP,60001820,KVMB,Độc lập,Khác,B2B
TGPP,60001821,KVMB,Độc lập,Khác,B2B
TGPP,60001822,KVMB,Độc lập,Khác,B2B
TGPP,60001823,KVMB,Độc lập,Khác,B2B
TGPP,60001824,KVMB,Độc lập,Khác,B2B
TGPP,60001827,KVMB,Độc lập,Khác,B2B
TGPP,60001828,KVMB,Độc lập,Khác,B2B
TGPP,60001829,KVMB,Độc lập,Khác,B2B
TGPP,60001831,KVMB,Độc lập,Khác,B2B
TGPP,60001832,KVMB,Độc lập,Khác,B2B
TGPP,60001834,KVMB,Độc lập,Khác,B2B
TGPP,60001836,KVMB,Độc lập,Khác,B2B
TGPP,60001838,KVMB,Độc lập,Khác,B2B
TGPP,60001839,KVMB,Độc lập,Khác,B2B
TGPP,60001841,KVMB,Độc lập,Khác,B2B
TGPP,60001842,KVMB,Độc lập,Khác,B2B
TGPP,60001843,KVMB,Độc lập,Khác,B2B
TGPP,60001845,KVMB,Độc lập,Khác,B2B
TGPP,60001848,KVMB,Độc lập,Khác,B2B
TGPP,60001849,KVMB,Độc lập,Khác,B2B
TGPP,60001850,KVMB,Độc lập,Khác,B2B
TGPP,60001851,KVMB,Độc lập,Khác,B2B
TGPP,60001852,KVMB,Độc lập,Khác,B2B
TGPP,60001853,KVMB,Độc lập,Khác,B2B
TGPP,60001857,KVMB,Độc lập,Khác,B2B
TGPP,60001858,KVMB,Độc lập,Khác,B2B
TGPP,60001859,KVMB,Độc lập,Khác,B2B
TGPP,60001861,KVMB,Độc lập,Khác,B2B
TGPP,60001862,KVMB,Độc lập,Khác,B2B
TGPP,60001863,KVMB,Độc lập,Khác,B2B
TGPP,60001865,KVMB,Độc lập,Khác,B2B
TGPP,60001866,KVMB,Độc lập,Khác,B2B
TGPP,60001868,KVMB,Độc lập,Khác,B2B
TGPP,60001869,KVMB,Độc lập,Khác,B2B
TGPP,60001871,KVMB,Độc lập,Khác,B2B
TGPP,60001873,KVMB,Độc lập,Khác,B2B
TGPP,60001874,KVMB,Độc lập,Khác,B2B
TGPP,60001876,KVMB,Độc lập,Khác,B2B
TGPP,60001877,KVMB,Độc lập,Khác,B2B
TGPP,60001880,KVMB,Độc lập,Khác,B2B
TGPP,60001882,KVMB,Độc lập,Khác,B2B
TGPP,60001884,Trung Quốc,Độc lập,Khác,B2B
TGPP,60001887,Trung Quốc,Độc lập,Khác,B2B
TGPP,60001890,KVMB,Độc lập,Khác,B2B
TGPP,60001891,KVMB,Độc lập,Khác,B2B
TGPP,60001893,KVMB,Độc lập,Khác,B2B
TGPP,60001894,Trung Quốc,Độc lập,Khác,B2B
TGPP,60001895,KVMB,Độc lập,Khác,B2B
TGPP,60001896,KVMB,Độc lập,Khác,B2B
TGPP,60001897,KVMB,Độc lập,Khác,B2B
TGPP,60001898,KVMB,Độc lập,Khác,B2B
TGPP,60001899,Trung Quốc,Độc lập,Khác,B2B
TGPP,60001900,Trung Quốc,Độc lập,Khác,B2B
TGPP,60001901,KVMB,Độc lập,Khác,B2B
TGPP,60001902,Trung Quốc,Độc lập,Khác,B2B
TGPP,60001903,Trung Quốc,Độc lập,Khác,B2B
TGPP,60001904,Trung Quốc,Độc lập,Khác,B2B
TGPP,60001905,Trung Quốc,Độc lập,Khác,B2B
TGPP,60001906,Trung Quốc,Độc lập,Khác,B2B
TGPP,60001907,KVMB,Độc lập,Khác,B2B
TGPP,60001909,KVMB,Độc lập,Khác,B2B
TGPP,60001910,KVMB,Độc lập,Khác,B2B
TGPP,60001911,Trung Quốc,Độc lập,Khác,B2B
TGPP,60001912,Trung Quốc,Độc lập,Khác,B2B
TGPP,60001913,Trung Quốc,Độc lập,Khác,B2B
TGPP,60001914,Trung Quốc,Độc lập,Khác,B2B
TGPP,60001915,Trung Quốc,Độc lập,Khác,B2B
TGPP,60001917,KVMB,Độc lập,Khác,B2B
TGPP,60001918,KVMB,Độc lập,Khác,B2B
TGPP,60001921,KVMB,Độc lập,Khác,B2B
TGPP,60001922,Trung Quốc,Độc lập,Khác,B2B
TGPP,60001923,KVMB,Độc lập,Khác,B2B
TGPP,60001924,KVMB,Độc lập,Khác,B2B
TGPP,60001925,KVMB,Độc lập,Khác,B2B
TGPP,60001926,KVMB,Độc lập,Khác,B2B
TGPP,60001927,KVMB,Độc lập,Khác,B2B
TGPP,60001928,Trung Quốc,Độc lập,Khác,B2B
TGPP,60001929,Trung Quốc,Độc lập,Khác,B2B
TGPP,60001930,Trung Quốc,Độc lập,Khác,B2B
TGPP,60001931,Trung Quốc,Độc lập,Khác,B2B
TGPP,60001932,Trung Quốc,Độc lập,Khác,B2B
TGPP,60001933,Trung Quốc,Độc lập,Khác,B2B
TGPP,60001934,Trung Quốc,Độc lập,Khác,B2B
TGPP,60001935,Trung Quốc,Độc lập,Khác,B2B
TGPP,60001936,Trung Quốc,Độc lập,Khác,B2B
TGPP,60001937,Trung Quốc,Độc lập,Khác,B2B
TGPP,60001938,Trung Quốc,Độc lập,Khác,B2B
TGPP,60001939,Trung Quốc,Độc lập,Khác,B2B
TGPP,60001940,Trung Quốc,Độc lập,Khác,B2B
TGPP,60001941,Trung Quốc,Độc lập,Khác,B2B
TGPP,60001942,Trung Quốc,Độc lập,Khác,B2B
TGPP,60001943,Trung Quốc,Độc lập,Khác,B2B
TGPP,60001944,Trung Quốc,Độc lập,Khác,B2B
TGPP,60001945,Trung Quốc,Độc lập,Khác,B2B
TGPP,60001946,Trung Quốc,Độc lập,Khác,B2B
TGPP,60001947,Trung Quốc,Độc lập,Khác,B2B
TGPP,60001948,Trung Quốc,Độc lập,Khác,B2B
TGPP,60001949,Trung Quốc,Độc lập,Khác,B2B
TGPP,60001950,Trung Quốc,Độc lập,Khác,B2B
TGPP,60001951,Trung Quốc,Độc lập,Khác,B2B
TGPP,60001952,Trung Quốc,Độc lập,Khác,B2B
TGPP,60001953,Trung Quốc,Độc lập,Khác,B2B
TGPP,60001954,Trung Quốc,Độc lập,Khác,B2B
TGPP,60001955,Trung Quốc,Độc lập,Khác,B2B
TGPP,60001956,Trung Quốc,Độc lập,Khác,B2B
TGPP,60001957,Trung Quốc,Độc lập,Khác,B2B
TGPP,60001958,Trung Quốc,Độc lập,Khác,B2B
TGPP,60001959,Trung Quốc,Độc lập,Khác,B2B
TGPP,60001960,Trung Quốc,Độc lập,Khác,B2B
TGPP,60001961,Trung Quốc,Độc lập,Khác,B2B
TGPP,60001962,Trung Quốc,Độc lập,Khác,B2B
TGPP,60001963,Trung Quốc,Độc lập,Khác,B2B
TGPP,60001975,KVMB,Độc lập,Khác,B2B
TGPP,60001985,KVMB,Độc lập,Khác,B2B
TGPP,60001987,KVMB,Độc lập,Khác,B2B
TGPP,60001988,KVMTR,Độc lập,Khác,B2B
TGPP,60001995,KVMN,Độc lập,Khác,B2B
TGPP,60001997,KVMB,Độc lập,Khác,B2B
TGPP,60002000,KVTN,Độc lập,Khác,B2B
TGPP,60002001,KVMN,Độc lập,Khác,B2B
TGPP,60002002,KVMN,Độc lập,Khác,B2B
TGPP,60002003,KVMN,Độc lập,Khác,B2B
TGPP,60002005,KVMB,Độc lập,Khác,B2B
TGPP,60002017,KVMN,Độc lập,Khác,B2B
TGPP,60002023,KVMT,Độc lập,Khác,B2B
TGPP,60002024,KVMB,Độc lập,Khác,B2B
TGPP,60002025,KVMB,Độc lập,Khác,B2B
TGPP,60002026,KVMB,Độc lập,Khác,B2B
TGPP,60002027,KVMB,Độc lập,Khác,B2B
TGPP,60002028,KVMB,Độc lập,Khác,B2B
TGPP,60002030,KVMB,Độc lập,Khác,B2B
TGPP,60002033,KVMB,Độc lập,Khác,B2B
TGPP,60002034,KVMB,Độc lập,Khác,B2B
TGPP,60002035,KVMB,Độc lập,Khác,B2B
TGPP,60002036,KVMB,Độc lập,Khác,B2B
TGPP,60002037,KVMB,Độc lập,Khác,B2B
TGPP,60002038,KVMB,Độc lập,Khác,B2B
TGPP,60002039,KVMB,Độc lập,Khác,B2B
TGPP,60002040,KVMB,Độc lập,Khác,B2B
TGPP,60002041,KVMB,Độc lập,Khác,B2B
TGPP,60002043,KVMB,Độc lập,Khác,B2B
TGPP,60002044,KVMN,Độc lập,Khác,B2B
TGPP,60002045,KVMN,Độc lập,Khác,B2B
TGPP,60002046,KVMB,Độc lập,Khác,B2B
TGPP,60002050,KVTN,Độc lập,Khác,B2B
TGPP,60002055,KVMN,Độc lập,Khác,B2B
TGPP,60002056,KVMN,Độc lập,Khác,B2B
TGPP,60002057,KVMB,Độc lập,Khác,B2B
TGPP,60002059,KVMN,Độc lập,Khác,B2B
TGPP,60002060,KVMN,Độc lập,Khác,B2B
TGPP,60002062,KVMB,Độc lập,Khác,B2B
TGPP,60002063,KVMB,Độc lập,Khác,B2B
TGPP,60002065,KVTN,Độc lập,Khác,B2B
TGPP,60002066,KVTN,Độc lập,Khác,B2B
TGPP,60002080,KVMN,Độc lập,Khác,B2B
TGPP,60002085,KVMN,Độc lập,Khác,B2B
TGPP,60002086,KVMN,Độc lập,Khác,B2B
TGPP,60002090,KVMN,Độc lập,Khác,B2B
TGPP,60002092,KVTN,Độc lập,Khác,B2B
TGPP,60002093,KVMB,Độc lập,Khác,B2B
TGPP,60002095,KVTN,Độc lập,Khác,B2B
TGPP,60002096,KVMB,Độc lập,Khác,B2B
TGPP,60002098,KVTN,Độc lập,Khác,B2B
TGPP,60002099,KVTN,Độc lập,Khác,B2B
TGPP,60002101,KVMB,Độc lập,Khác,B2B
TGPP,60002103,KVMB,Độc lập,Khác,B2B
TGPP,60002104,KVMTR,Độc lập,Khác,B2B
TGPP,60002120,KVMN,Độc lập,Khác,B2B
TGPP,60002125,KVMB,Độc lập,Khác,B2B
TGPP,60002130,KVMN,Độc lập,Khác,B2B
TGPP,60002131,KVMB,Độc lập,Khác,B2B
TGPP,60002133,KVMB,Độc lập,Khác,B2B
TGPP,60002135,KVMN,Độc lập,Khác,B2B
TGPP,60002137,KVMN,Độc lập,Khác,B2B
TGPP,60002139,KVMN,Độc lập,Khác,B2B
TGPP,60002146,KVMN,Độc lập,Khác,B2B
TGPP,60002147,KVMB,Độc lập,Khác,B2B
TGPP,60002148,KVMN,Độc lập,Khác,B2B
TGPP,60002152,KVTN,Độc lập,Khác,B2B
TGPP,60002153,KVMB,Độc lập,Khác,B2B
TGPP,60002154,KVMN,Độc lập,Khác,B2B
TGPP,60002155,KVMN,Độc lập,Khác,B2B
TGPP,60002156,KVMN,Độc lập,Khác,B2B
TGPP,60002158,KVMN,Độc lập,Khác,B2B
TGPP,60002159,KVMN,Độc lập,Khác,B2B
TGPP,60002160,KVTN,Độc lập,Khác,B2B
TGPP,60002161,KVMB,Độc lập,Khác,B2B
TGPP,60002163,KVMTR,Độc lập,Khác,B2B
TGPP,60002165,KVMN,Độc lập,Khác,B2B
TGPP,60002167,KVMB,Độc lập,Khác,B2B
TGPP,60002171,KVMN,Độc lập,Khác,B2B
TGPP,60002175,KVMB,Độc lập,Khác,B2B
TGPP,60002185,KVMB,Độc lập,Khác,B2B
TGPP,60002190,KVMN,Độc lập,Khác,B2B
TGPP,60002191,KVMN,Độc lập,Khác,B2B
TGPP,60002196,KVMB,Độc lập,Khác,B2B
TGPP,60002206,KVMN,Độc lập,Khác,B2B
TGPP,60002208,KVMN,Độc lập,Khác,B2B
TGPP,60002209,KVMT,Độc lập,Khác,B2B
TGPP,60002210,KVMB,Độc lập,Khác,B2B
TGPP,60002212,KVTN,Độc lập,Khác,B2B
TGPP,60002213,KVMTR,Độc lập,Khác,B2B
TGPP,60002215,KVTN,Độc lập,Khác,B2B
TGPP,60002216,KVMB,Độc lập,Khác,B2B
TGPP,60002225,KVMN,Độc lập,Khác,B2B
TGPP,60002226,KVTN,Độc lập,Khác,B2B
TGPP,60002231,KVMB,Độc lập,Khác,B2B
TGPP,60002235,KVMTR,Độc lập,Khác,B2B
TGPP,60002236,KVMB,Độc lập,Khác,B2B
TGPP,60002238,KVTN,Độc lập,Khác,B2B
TGPP,60002241,KVMT,Độc lập,Khác,B2B
TGPP,60002243,KVMN,Độc lập,Khác,B2B
TGPP,60002244,KVMN,Độc lập,Khác,B2B
TGPP,60002245,KVMN,Độc lập,Khác,B2B
TGPP,60002250,KVTN,Độc lập,Khác,B2B
TGPP,60002251,KVMB,Độc lập,Khác,B2B
TGPP,60002255,KVMN,Độc lập,Khác,B2B
TGPP,60002275,KVTN,Độc lập,Khác,B2B
TGPP,60002276,KVMTR,Độc lập,Khác,B2B
TGPP,60002285,KVTN,Độc lập,Khác,B2B
TGPP,60002286,KVMN,Độc lập,Khác,B2B
TGPP,60002290,KVMB,Độc lập,Khác,B2B
TGPP,60002300,Trung Quốc,Độc lập,Khác,B2B
TGPP,60002303,KVTN,Độc lập,Khác,B2B
TGPP,60002306,KVTN,Độc lập,Khác,B2B
TGPP,60002307,KVMN,Độc lập,Khác,B2B
TGPP,60002308,KVMN,Độc lập,Khác,B2B
TGPP,60002310,KVMN,Độc lập,Khác,B2B
TGPP,60002311,KVMB,Độc lập,Khác,B2B
TGPP,60002315,KVTN,Độc lập,Khác,B2B
TGPP,60002325,KVMT,Độc lập,Khác,B2B
TGPP,60002331,KVMN,Độc lập,Khác,B2B
TGPP,60002340,KVMB,Độc lập,Khác,B2B
TGPP,60002355,KVMB,Độc lập,Khác,B2B
TGPP,60002361,KVMB,Độc lập,Khác,B2B
TGPP,60002365,KVMN,Độc lập,Khác,B2B
TGPP,60002372,KVMB,Độc lập,Khác,B2B
TGPP,60002375,KVTN,Độc lập,Khác,B2B
TGPP,60002385,KVTN,Độc lập,Khác,B2B
TGPP,60002388,KVMN,Độc lập,Khác,B2B
TGPP,60002389,KVMN,Độc lập,Khác,B2B
TGPP,60002391,KVMTR,Độc lập,Khác,B2B
TGPP,60002393,KVTN,Độc lập,Khác,B2B
TGPP,60002396,KVTN,Độc lập,Khác,B2B
TGPP,60002400,KVMN,Độc lập,Khác,B2B
TGPP,60002402,KVMN,Độc lập,Khác,B2B
TGPP,60002405,KVMN,Độc lập,Khác,B2B
TGPP,60002406,KVTN,Độc lập,Khác,B2B
TGPP,60002407,KVMB,Độc lập,Khác,B2B
TGPP,60002408,KVMB,Độc lập,Khác,B2B
TGPP,60002411,KVTN,Độc lập,Khác,B2B
TGPP,60002412,KVMN,Độc lập,Khác,B2B
TGPP,60002415,KVMB,Độc lập,Khác,B2B
TGPP,60002420,KVMT,Độc lập,Khác,B2B
TGPP,60002421,KVMB,Độc lập,Khác,B2B
TGPP,60002425,KVTN,Độc lập,Khác,B2B
TGPP,60002428,KVMT,Độc lập,Khác,B2B
TGPP,60002430,KVMN,Độc lập,Khác,B2B
TGPP,60002435,KVMN,Độc lập,Khác,B2B
TGPP,60002441,KVMN,Độc lập,Khác,B2B
TGPP,60002456,KVTN,Độc lập,Khác,B2B
TGPP,60002457,KVMN,Độc lập,Khác,B2B
TGPP,60002461,KVTN,Độc lập,Khác,B2B
TGPP,60002462,KVTN,Độc lập,Khác,B2B
TGPP,60002463,KVMN,Độc lập,Khác,B2B
TGPP,60002464,KVMN,Độc lập,Khác,B2B
TGPP,60002465,KVMN,Độc lập,Khác,B2B
TGPP,60002466,KVMB,Độc lập,Khác,B2B
TGPP,60002471,KVTN,Độc lập,Khác,B2B
TGPP,60002475,KVMB,Độc lập,Khác,B2B
TGPP,60002476,KVMN,Độc lập,Khác,B2B
TGPP,60002477,KVMB,Độc lập,Khác,B2B
TGPP,60002480,KVMB,Độc lập,Khác,B2B
TGPP,60002485,KVMN,Độc lập,Khác,B2B
TGPP,60002486,KVMN,Độc lập,Khác,B2B
TGPP,60002488,KVTN,Độc lập,Khác,B2B
TGPP,60002505,KVMN,Độc lập,Khác,B2B
TGPP,60002515,KVMB,Độc lập,Khác,B2B
TGPP,60002520,KVMT,Độc lập,Khác,B2B
TGPP,60002521,KVMB,Độc lập,Khác,B2B
TGPP,60002523,KVTN,Độc lập,Khác,B2B
TGPP,60002525,KVMTR,Độc lập,Khác,B2B
TGPP,60002530,KVMB,Độc lập,Khác,B2B
TGPP,60002531,KVMN,Độc lập,Khác,B2B
TGPP,60002534,KVMN,Độc lập,Khác,B2B
TGPP,60002561,KVTN,Độc lập,Khác,B2B
TGPP,60002563,KVMB,Độc lập,Khác,B2B
TGPP,60002570,KVMB,Độc lập,Khác,B2B
TGPP,60002580,KVMT,Độc lập,Khác,B2B
TGPP,60002583,KVMT,Độc lập,Khác,B2B
TGPP,60002584,KVMB,Độc lập,Khác,B2B
TGPP,60002586,KVMN,Độc lập,Khác,B2B
TGPP,60002590,KVMN,Độc lập,Khác,B2B
TGPP,60002595,KVMN,Độc lập,Khác,B2B
TGPP,60002596,KVMB,Độc lập,Khác,B2B
TGPP,60002602,KVTN,Độc lập,Khác,B2B
TGPP,60002603,KVTN,Độc lập,Khác,B2B
TGPP,60002605,KVMB,Độc lập,Khác,B2B
TGPP,60002610,KVMTR,Độc lập,Khác,B2B
TGPP,60002612,KVMN,Độc lập,Khác,B2B
TGPP,60002613,KVMB,Độc lập,Khác,B2B
TGPP,60002615,KVMTR,Độc lập,Khác,B2B
TGPP,60002620,KVMB,Độc lập,Khác,B2B
TGPP,60002630,KVMB,Độc lập,Khác,B2B
TGPP,60002635,KVMB,Độc lập,Khác,B2B
TGPP,60002645,KVMB,Độc lập,Khác,B2B
TGPP,60002647,KVMTR,Độc lập,Khác,B2B
TGPP,60002648,KVMB,Độc lập,Khác,B2B
TGPP,60002650,KVMT,Độc lập,Khác,B2B
TGPP,60002655,KVMN,Độc lập,Khác,B2B
TGPP,60002676,KVMT,Độc lập,Khác,B2B
TGPP,60002688,KVMB,Độc lập,Khác,B2B
TGPP,60002689,KVMT,Độc lập,Khác,B2B
TGPP,60002701,KVMB,Độc lập,Khác,B2B
TGPP,60002706,KVMN,Độc lập,Khác,B2B
TGPP,60002707,KVTN,Độc lập,Khác,B2B
TGPP,60002708,KVMT,Độc lập,Khác,B2B
TGPP,60002709,KVMB,Độc lập,Khác,B2B
TGPP,60002713,KVMN,Độc lập,Khác,B2B
TGPP,60002721,KVMTR,Độc lập,Khác,B2B
TGPP,60002725,KVMB,Độc lập,Khác,B2B
TGPP,60002728,KVMB,Độc lập,Khác,B2B
TGPP,60002730,KVTN,Độc lập,Khác,B2B
TGPP,60002741,KVMN,Độc lập,Khác,B2B
TGPP,60002754,KVMT,Độc lập,Khác,B2B
TGPP,60002755,KVMB,Độc lập,Khác,B2B
TGPP,60002765,KVMN,Độc lập,Khác,B2B
TGPP,60002796,KVMN,Độc lập,Khác,B2B
TGPP,60002798,KVMB,Độc lập,Khác,B2B
TGPP,60002822,KVMN,Độc lập,Khác,B2B
TGPP,60002835,KVMN,Độc lập,Khác,B2B
TGPP,60002845,KVTN,Độc lập,Khác,B2B
TGPP,60002848,KVMN,Độc lập,Khác,B2B
TGPP,60002852,KVTN,Độc lập,Khác,B2B
TGPP,60002866,KVMN,Độc lập,Khác,B2B
TGPP,60002867,KVMN,Độc lập,Khác,B2B
TGPP,60002870,KVMB,Độc lập,Khác,B2B
TGPP,60002877,KVMTR,Độc lập,Khác,B2B
TGPP,60002878,KVMTR,Độc lập,Khác,B2B
TGPP,60002904,KVMTR,Độc lập,Khác,B2B
TGPP,60002908,KVMTR,Độc lập,Khác,B2B
TGPP,60002909,KVMB,Độc lập,Khác,B2B
TGPP,60002915,KVMN,Độc lập,Khác,B2B
TGPP,60002924,KVMTR,Độc lập,Khác,B2B
TGPP,60002930,KVTN,Độc lập,Khác,B2B
TGPP,60002937,KVMB,Độc lập,Khác,B2B
TGPP,60002938,KVMN,Độc lập,Khác,B2B
TGPP,60002942,KVTN,Độc lập,Khác,B2B
TGPP,60002944,KVMN,Độc lập,Khác,B2B
TGPP,60002970,KVMT,Độc lập,Khác,B2B
TGPP,60002971,KVMTR,Độc lập,Khác,B2B
TGPP,60002985,KVMN,Độc lập,Khác,B2B
TGPP,60002986,KVMTR,Độc lập,Khác,B2B
TGPP,60002990,KVMN,Độc lập,Khác,B2B
TGPP,60002996,KVTN,Độc lập,Khác,B2B
TGPP,60002999,KVMB,Độc lập,Khác,B2B
TGPP,60003002,KVMB,Độc lập,Khác,B2B
TGPP,60003010,KVMB,Độc lập,Khác,B2B
TGPP,60003020,KVMB,Độc lập,Khác,B2B
TGPP,60003024,KVMB,Độc lập,Khác,B2B
TGPP,60003034,KVMT,Độc lập,Khác,B2B
TGPP,60003051,KVMN,Độc lập,Khác,B2B
TGPP,60003053,KVMB,Độc lập,Khác,B2B
TGPP,60003066,KVTN,Độc lập,Khác,B2B
TGPP,60003067,KVMT,Độc lập,Khác,B2B
TGPP,60003069,KVTN,Độc lập,Khác,B2B
TGPP,60003079,KVMT,Độc lập,Khác,B2B
TGPP,60003080,KVMB,Độc lập,Khác,B2B
TGPP,60003082,KVMB,Độc lập,Khác,B2B
TGPP,60003085,KVMT,Độc lập,Khác,B2B
TGPP,60003089,KVMB,Độc lập,Khác,B2B
TGPP,60003090,KVMN,Độc lập,Khác,B2B
TGPP,60003096,KVTN,Độc lập,Khác,B2B
TGPP,60003100,KVMB,Độc lập,Khác,B2B
TGPP,60003105,KVTN,Độc lập,Khác,B2B
TGPP,60003106,KVTN,Độc lập,Khác,B2B
TGPP,60003107,KVTN,Độc lập,Khác,B2B
TGPP,60003115,KVMN,Độc lập,Khác,B2B
TGPP,60003116,KVTN,Độc lập,Khác,B2B
TGPP,60003120,KVMB,Độc lập,Khác,B2B
TGPP,60003172,KVMB,Độc lập,Khác,B2B
TGPP,60003220,KVMT,Độc lập,Khác,B2B
TGPP,60003235,KVMB,Độc lập,Khác,B2B
TGPP,60003275,KVMN,Độc lập,Khác,B2B
TGPP,60003418,Trung Quốc,Độc lập,Khác,B2B
TGPP,60003419,Trung Quốc,Độc lập,Khác,B2B
TGPP,60003421,Trung Quốc,Độc lập,Khác,B2B
TGPP,60003423,Trung Quốc,Độc lập,Khác,B2B
TGPP,60003424,Trung Quốc,Độc lập,Khác,B2B
TGPP,60003425,Trung Quốc,Độc lập,Khác,B2B
TGPP,60003427,Trung Quốc,Độc lập,Khác,B2B
TGPP,60003429,Trung Quốc,Độc lập,Khác,B2B
TGPP,60003431,Trung Quốc,Độc lập,Khác,B2B
TGPP,60003432,Trung Quốc,Độc lập,Khác,B2B
TGPP,60003433,Trung Quốc,Độc lập,Khác,B2B
TGPP,60003434,Trung Quốc,Độc lập,Khác,B2B
TGPP,60003435,Trung Quốc,Độc lập,Khác,B2B
TGPP,60003460,KVMB,Độc lập,Khác,B2B
TGPP,60003465,KVMB,Độc lập,Khác,B2B
TGPP,60003494,KVMB,Độc lập,Khác,B2B
TGPP,60003629,KVMB,Độc lập,Khác,B2B
TGPP,60003688,KVMB,Độc lập,Khác,B2B
TGPP,60003730,KVMB,Độc lập,Khác,B2B
ONLINE,60003731,Khác,Online,Khác,B2C
TGPP,60003760,KVMB,Độc lập,Khác,B2B
TGPP,60003765,KVMB,Độc lập,Khác,B2B
TGPP,60003776,KVMT,Khác,Khác,B2B
TGPP,60003796,KVMB,Độc lập,Khác,B2B
TGPP,60003810,KVMB,Độc lập,Khác,B2B
TGPP,60003812,KVTN,Độc lập,Khác,B2B
TGPP,60003813,KVMB,Độc lập,Khác,B2B
TGPP,60003814,KVMB,Độc lập,Khác,B2B
TGPP,60003815,KVMT,Độc lập,Khác,B2B
TGPP,60003820,KVMN,Độc lập,Nông thôn,B2B
TGPP,60003823,KVMB,Độc lập,Nội thành,B2B
TGPP,60003830,KVMN,Độc lập,Nội thành,B2B
TGPP,60003831,KVMB,Độc lập,Nội thành,B2B
TGPP,60003832,KVMB,Độc lập,Nội thành,B2B
TGPP,60003836,KVMT,Độc lập,Nông thôn,B2B
CHTT,1168,KVMN,Độc lập,Khác,B2C
CHTT,1170,KVMN,Độc lập,Nội thành,B2C
CHTT,1255,KVMB,Độc lập,Khác,B2C
CHTT,1256,KVMB,Độc lập,Khác,B2C
CHTT,1257,KVMB,Độc lập,Nội thành,B2C
CHTT,1258,KVMB,Độc lập,Nội thành,B2C
CHTT,1259,KVMB,Độc lập,Nội thành,B2C
CHTT,1260,KVMB,Độc lập,Nông thôn,B2C
CHTT,1261,KVMB,Độc lập,Nông thôn,B2C
CHTT,1262,KVMB,Độc lập,Nội thành,B2C
CHTT,1532,KVMT,Độc lập,Nội thành,B2C
CHTT,1632,KVTN,Độc lập,Khác,B2C
CHTT,1263,KVMB,Độc lập,Nội thành,B2C
TGPP,60003841,KVMB,Độc lập,Nội thành,B2B
TGPP,60000018,KVMN,Độc lập,Nội thành,B2B
TGPP,60000019,KVMN,Độc lập,Nội thành,B2B
TGPP,60000043,KVMN,Độc lập,Nội thành,B2B
TGPP,60000054,KVMN,Độc lập,Nội thành,B2B
TGPP,60000071,KVMN,Độc lập,Nội thành,B2B
TGPP,60000081,KVMN,Độc lập,TT hành chính kinh tế,B2B
TGPP,60000092,KVMN,Độc lập,Nội thành,B2B
TGPP,60000095,KVMN,Độc lập,TT hành chính kinh tế,B2B
TGPP,60000111,KVMN,Độc lập,Nội thành,B2B
TGPP,60000119,KVMN,Độc lập,Nội thành,B2B
TGPP,60000187,KVMN,Độc lập,Nội thành,B2B
TGPP,60000201,KVMN,Độc lập,Nội thành,B2B
TGPP,60000202,KVMN,Độc lập,Nông thôn,B2B
TGPP,60000203,KVMN,Độc lập,Nông thôn,B2B
TGPP,60000212,KVMN,Độc lập,Nông thôn,B2B
TGPP,60000221,KVMN,Độc lập,Nội thành,B2B
TGPP,60000222,KVMN,Độc lập,Nội thành,B2B
TGPP,60000224,KVMN,Độc lập,Nông thôn,B2B
TGPP,60000225,KVMN,Độc lập,Nông thôn,B2B
TGPP,60000227,KVMN,Độc lập,Nội thành,B2B
TGPP,60000246,KVMN,Độc lập,Nội thành,B2B
TGPP,60000248,KVMN,Độc lập,Nội thành,B2B
TGPP,60000251,KVMN,Độc lập,Nội thành,B2B
TGPP,60000256,KVMN,Độc lập,Nội thành,B2B
TGPP,60000257,KVMN,Độc lập,Nội thành,B2B
TGPP,60000259,KVMN,Độc lập,Nội thành,B2B
TGPP,60000260,KVMN,Độc lập,Nội thành,B2B
TGPP,60000262,KVMN,Độc lập,Nông thôn,B2B
TGPP,60000263,KVMN,Độc lập,Nông thôn,B2B
TGPP,60000273,KVMN,Độc lập,Nông thôn,B2B
TGPP,60000276,KVMN,Độc lập,Nông thôn,B2B
TGPP,60000277,KVMN,Độc lập,Nông thôn,B2B
TGPP,60000278,KVMN,Độc lập,Nông thôn,B2B
TGPP,60000280,KVMN,Độc lập,Nông thôn,B2B
TGPP,60000283,KVMN,Độc lập,Nội thành,B2B
TGPP,60000284,KVMN,Độc lập,Nông thôn,B2B
TGPP,60000290,KVMN,Độc lập,Nông thôn,B2B
TGPP,60000291,KVMN,Độc lập,Nông thôn,B2B
TGPP,60000293,KVMN,Độc lập,Nội thành,B2B
TGPP,60000295,KVMN,Độc lập,Nông thôn,B2B
TGPP,60000300,KVMN,Độc lập,Nông thôn,B2B
TGPP,60000301,KVMN,Độc lập,Nông thôn,B2B
TGPP,60000310,KVMN,Độc lập,Nông thôn,B2B
TGPP,60000312,KVMN,Độc lập,Nông thôn,B2B
TGPP,60000327,KVMN,Độc lập,Nông thôn,B2B
TGPP,60000328,KVMN,Độc lập,Nông thôn,B2B
TGPP,60000333,KVMN,Độc lập,Nông thôn,B2B
TGPP,60000334,KVMN,Độc lập,Nông thôn,B2B
TGPP,60000342,KVMN,Độc lập,Nông thôn,B2B
TGPP,60000354,KVMN,Độc lập,Nông thôn,B2B
TGPP,60000367,KVMN,Độc lập,Nội thành,B2B
TGPP,60000368,KVMN,Độc lập,Nội thành,B2B
TGPP,60000377,KVMN,Độc lập,Nông thôn,B2B
TGPP,60000378,KVMN,Độc lập,Nội thành,B2B
TGPP,60000391,KVMN,Độc lập,Nội thành,B2B
TGPP,60000392,KVMN,Độc lập,Nông thôn,B2B
TGPP,60000395,KVMN,Độc lập,Nông thôn,B2B
TGPP,60000403,KVMN,Độc lập,Nông thôn,B2B
TGPP,60000404,KVMN,Độc lập,Nội thành,B2B
TGPP,60000406,KVMN,Độc lập,Nông thôn,B2B
TGPP,60000407,KVMN,Độc lập,Nội thành,B2B
TGPP,60000411,KVMN,Độc lập,Nông thôn,B2B
TGPP,60000413,KVMN,Độc lập,Nông thôn,B2B
TGPP,60000414,KVMN,Độc lập,Nông thôn,B2B
TGPP,60000419,KVMN,Độc lập,Nội thành,B2B
TGPP,60000420,KVMN,Độc lập,Nông thôn,B2B
TGPP,60000424,KVMN,Độc lập,Nông thôn,B2B
TGPP,60000425,KVMN,Độc lập,Nông thôn,B2B
TGPP,60000427,KVMN,Độc lập,Nông thôn,B2B
TGPP,60000437,KVMN,Độc lập,Nội thành,B2B
TGPP,60000438,KVMN,Độc lập,Nông thôn,B2B
TGPP,60000447,KVMN,Độc lập,Nội thành,B2B
TGPP,60000450,KVMN,Độc lập,Nông thôn,B2B
TGPP,60000451,KVMN,Độc lập,Nội thành,B2B
TGPP,60000467,KVMN,Độc lập,Nông thôn,B2B
TGPP,60000469,KVMN,Độc lập,Nông thôn,B2B
TGPP,60000470,KVMN,Độc lập,Nông thôn,B2B
TGPP,60000471,KVMN,Độc lập,Nông thôn,B2B
TGPP,60000474,KVMN,Độc lập,Nội thành,B2B
TGPP,60000481,KVMN,Độc lập,Nội thành,B2B
TGPP,60000482,KVMN,Độc lập,Nội thành,B2B
TGPP,60000483,KVMN,Độc lập,Nội thành,B2B
TGPP,60000499,KVMN,Độc lập,Nông thôn,B2B
TGPP,60000501,KVMN,Độc lập,Nông thôn,B2B
TGPP,60000506,KVMN,Độc lập,Nông thôn,B2B
TGPP,60000516,KVMN,Độc lập,Nông thôn,B2B
TGPP,60000518,KVMN,Độc lập,Nông thôn,B2B
TGPP,60000608,KVMN,Độc lập,Nội thành,B2B
TGPP,60000645,KVMT,Độc lập,Nội thành,B2B
TGPP,60000647,KVMT,Độc lập,Nông thôn,B2B
TGPP,60000648,KVMT,Độc lập,Nông thôn,B2B
TGPP,60000649,KVMT,Độc lập,Nông thôn,B2B
TGPP,60000651,KVMT,Độc lập,Nông thôn,B2B
TGPP,60000652,KVMT,Độc lập,Nông thôn,B2B
TGPP,60000653,KVMT,Độc lập,Nông thôn,B2B
TGPP,60000657,KVMT,Độc lập,Nội thành,B2B
TGPP,60000661,KVMT,Độc lập,Nông thôn,B2B
TGPP,60000667,KVMT,Độc lập,Nông thôn,B2B
TGPP,60000670,KVMT,Độc lập,Nông thôn,B2B
TGPP,60000671,KVMT,Độc lập,Nội thành,B2B
TGPP,60000672,KVMT,Độc lập,Nội thành,B2B
TGPP,60000674,KVMT,Độc lập,Nông thôn,B2B
TGPP,60000678,KVMT,Độc lập,Nông thôn,B2B
TGPP,60000680,KVMT,Độc lập,Nội thành,B2B
TGPP,60000700,KVMT,Độc lập,Nông thôn,B2B
TGPP,60000701,KVMT,Độc lập,Nội thành,B2B
TGPP,60000703,KVMT,Độc lập,Nội thành,B2B
TGPP,60000706,KVMT,Độc lập,Nội thành,B2B
TGPP,60000717,KVMT,Độc lập,Nội thành,B2B
TGPP,60000719,KVMT,Độc lập,Nội thành,B2B
TGPP,60000721,KVMT,Độc lập,Nội thành,B2B
TGPP,60000723,KVMT,Độc lập,Nông thôn,B2B
TGPP,60000731,KVMT,Độc lập,Nội thành,B2B
TGPP,60000740,KVMT,Độc lập,TT hành chính kinh tế,B2B
TGPP,60000745,KVMT,Độc lập,TT hành chính kinh tế,B2B
TGPP,60000746,KVMT,Độc lập,Nội thành,B2B
TGPP,60000748,KVMT,Độc lập,Nội thành,B2B
TGPP,60000752,KVMT,Độc lập,Nông thôn,B2B
TGPP,60000753,KVMT,Độc lập,Nông thôn,B2B
TGPP,60000759,KVMT,Độc lập,Nông thôn,B2B
TGPP,60000779,KVMT,Độc lập,Nội thành,B2B
TGPP,60000780,KVMT,Độc lập,Nông thôn,B2B
TGPP,60000783,KVMT,Độc lập,Nội thành,B2B
TGPP,60000785,KVMT,Độc lập,Nội thành,B2B
TGPP,60000799,KVMT,Độc lập,Nông thôn,B2B
TGPP,60000800,KVMT,Độc lập,Nông thôn,B2B
TGPP,60000801,KVMT,Độc lập,Nội thành,B2B
TGPP,60000802,KVMT,Độc lập,Nội thành,B2B
TGPP,60000812,KVMT,Độc lập,Nội thành,B2B
TGPP,60000815,KVMT,Độc lập,Nông thôn,B2B
TGPP,60000820,KVMT,Độc lập,Nông thôn,B2B
TGPP,60000828,KVMT,Độc lập,Nông thôn,B2B
TGPP,60000838,KVMT,Độc lập,Nội thành,B2B
TGPP,60000839,KVMT,Độc lập,Nội thành,B2B
TGPP,60000843,KVMT,Độc lập,Nội thành,B2B
TGPP,60000850,KVMT,Độc lập,Nông thôn,B2B
TGPP,60000861,KVMT,Độc lập,Nội thành,B2B
TGPP,60000862,KVMT,Độc lập,Nội thành,B2B
TGPP,60000864,KVMT,Độc lập,Nông thôn,B2B
TGPP,60000866,KVMT,Độc lập,Nông thôn,B2B
TGPP,60000868,KVMT,Độc lập,Nội thành,B2B
TGPP,60000870,KVMT,Độc lập,Nông thôn,B2B
TGPP,60000874,KVMT,Độc lập,Nông thôn,B2B
TGPP,60000875,KVMT,Độc lập,Nội thành,B2B
TGPP,60000880,KVMT,Độc lập,Nông thôn,B2B
TGPP,60000881,KVMT,Độc lập,Nội thành,B2B
TGPP,60000882,KVMT,Độc lập,Nội thành,B2B
TGPP,60000883,KVMT,Độc lập,Nội thành,B2B
TGPP,60000884,KVMT,Độc lập,Nông thôn,B2B
TGPP,60000886,KVMT,Độc lập,Nông thôn,B2B
TGPP,60000887,KVMT,Độc lập,Nông thôn,B2B
TGPP,60000891,KVMT,Độc lập,Nông thôn,B2B
TGPP,60000893,KVMT,Độc lập,Nông thôn,B2B
TGPP,60000897,KVMT,Độc lập,Nội thành,B2B
TGPP,60000904,KVMT,Độc lập,Nông thôn,B2B
TGPP,60000921,KVTN,Độc lập,Nội thành,B2B
TGPP,60000923,KVTN,Độc lập,Nội thành,B2B
TGPP,60000927,KVTN,Độc lập,Nông thôn,B2B
TGPP,60000934,KVTN,Độc lập,Nông thôn,B2B
TGPP,60000954,KVTN,Độc lập,Nông thôn,B2B
TGPP,60000956,KVTN,Độc lập,Nông thôn,B2B
TGPP,60000958,KVTN,Độc lập,Nông thôn,B2B
TGPP,60000965,KVTN,Độc lập,Nông thôn,B2B
TGPP,60000967,KVTN,Độc lập,Nông thôn,B2B
TGPP,60000977,KVTN,Độc lập,Nông thôn,B2B
TGPP,60000979,KVTN,Độc lập,Nông thôn,B2B
TGPP,60000981,KVTN,Độc lập,Nông thôn,B2B
TGPP,60000984,KVTN,Độc lập,Nội thành,B2B
TGPP,60000986,KVTN,Độc lập,Nội thành,B2B
TGPP,60000990,KVTN,Độc lập,Nông thôn,B2B
TGPP,60000992,KVTN,Độc lập,Nông thôn,B2B
TGPP,60000994,KVTN,Độc lập,Nông thôn,B2B
TGPP,60001001,KVTN,Độc lập,Nông thôn,B2B
TGPP,60001002,KVTN,Độc lập,Nội thành,B2B
TGPP,60001005,KVTN,Độc lập,Nội thành,B2B
TGPP,60001012,KVTN,Độc lập,Nông thôn,B2B
TGPP,60001013,KVTN,Độc lập,Nông thôn,B2B
TGPP,60001022,KVTN,Độc lập,Nông thôn,B2B
TGPP,60001025,KVTN,Độc lập,Nông thôn,B2B
TGPP,60001030,KVTN,Độc lập,Nông thôn,B2B
TGPP,60001033,KVTN,Độc lập,Nông thôn,B2B
TGPP,60001035,KVTN,Độc lập,Nội thành,B2B
TGPP,60001036,KVTN,Độc lập,Nội thành,B2B
TGPP,60001043,KVTN,Độc lập,Nông thôn,B2B
TGPP,60001046,KVTN,Độc lập,Nội thành,B2B
TGPP,60001049,KVTN,Độc lập,Nội thành,B2B
TGPP,60001054,KVTN,Độc lập,Nông thôn,B2B
TGPP,60001058,KVTN,Độc lập,Nông thôn,B2B
TGPP,60001064,KVTN,Độc lập,Nông thôn,B2B
TGPP,60001067,KVTN,Độc lập,Nội thành,B2B
TGPP,60001068,KVTN,Độc lập,Nội thành,B2B
TGPP,60001069,KVTN,Độc lập,Nội thành,B2B
TGPP,60001074,KVTN,Độc lập,Nông thôn,B2B
TGPP,60001081,KVTN,Độc lập,Nông thôn,B2B
TGPP,60001082,KVTN,Độc lập,Nông thôn,B2B
TGPP,60001084,KVTN,Độc lập,Nội thành,B2B
TGPP,60001086,KVTN,Độc lập,Nông thôn,B2B
TGPP,60001088,KVTN,Độc lập,Nội thành,B2B
TGPP,60001089,KVTN,Độc lập,Nội thành,B2B
TGPP,60001092,KVTN,Độc lập,Nông thôn,B2B
TGPP,60001093,KVTN,Độc lập,Nông thôn,B2B
TGPP,60001094,KVTN,Độc lập,Nội thành,B2B
TGPP,60001104,KVTN,Độc lập,Nông thôn,B2B
TGPP,60001107,KVTN,Độc lập,Nông thôn,B2B
TGPP,60001110,KVTN,Độc lập,Nội thành,B2B
TGPP,60001113,KVTN,Độc lập,Nội thành,B2B
TGPP,60001114,KVTN,Độc lập,Nội thành,B2B
TGPP,60001115,KVTN,Độc lập,Nội thành,B2B
TGPP,60001116,KVTN,Độc lập,Nội thành,B2B
TGPP,60001122,KVTN,Độc lập,Nội thành,B2B
TGPP,60001123,KVTN,Độc lập,Nội thành,B2B
TGPP,60001124,KVTN,Độc lập,Nội thành,B2B
TGPP,60001133,KVTN,Độc lập,Nông thôn,B2B
TGPP,60001140,KVTN,Độc lập,Nội thành,B2B
TGPP,60001141,KVTN,Độc lập,Nội thành,B2B
TGPP,60001142,KVTN,Độc lập,Nội thành,B2B
TGPP,60001144,KVTN,Độc lập,Nội thành,B2B
TGPP,60001145,KVTN,Độc lập,Nông thôn,B2B
TGPP,60001155,KVTN,Độc lập,Nông thôn,B2B
TGPP,60001156,KVTN,Độc lập,Nông thôn,B2B
TGPP,60001157,KVTN,Độc lập,Nông thôn,B2B
TGPP,60001197,KVMB,Độc lập,Nội thành,B2B
TGPP,60001201,KVMB,Độc lập,Nội thành,B2B
TGPP,60001203,KVMB,Độc lập,Nông thôn,B2B
TGPP,60001207,KVMB,Độc lập,Nông thôn,B2B
TGPP,60001208,KVMB,Độc lập,Nông thôn,B2B
TGPP,60001215,KVMB,Độc lập,Nông thôn,B2B
TGPP,60001217,KVMB,Độc lập,Nông thôn,B2B
TGPP,60001219,KVMB,Độc lập,Nội thành,B2B
TGPP,60001220,KVMB,Store In Store,Nông thôn,B2B
TGPP,60001221,KVMB,Độc lập,Nội thành,B2B
TGPP,60001223,KVMB,Độc lập,Nông thôn,B2B
TGPP,60001229,KVMTR,Độc lập,Nội thành,B2B
TGPP,60001231,KVMTR,Độc lập,Nông thôn,B2B
TGPP,60001232,KVMTR,Độc lập,Nông thôn,B2B
TGPP,60001234,KVMTR,Độc lập,Nông thôn,B2B
TGPP,60001235,KVMTR,Độc lập,Nội thành,B2B
TGPP,60001236,KVMTR,Độc lập,Nông thôn,B2B
TGPP,60001241,KVMTR,Độc lập,Nông thôn,B2B
TGPP,60001248,KVMTR,Độc lập,Nông thôn,B2B
TGPP,60001256,KVMTR,Độc lập,Nông thôn,B2B
TGPP,60001257,KVMTR,Độc lập,Nông thôn,B2B
TGPP,60001264,KVMTR,Độc lập,Nội thành,B2B
TGPP,60001265,KVMTR,Độc lập,Nội thành,B2B
TGPP,60001268,KVMTR,Độc lập,Nông thôn,B2B
TGPP,60001269,KVMTR,Độc lập,TT hành chính kinh tế,B2B
TGPP,60001278,KVMTR,Độc lập,Nông thôn,B2B
TGPP,60001279,KVMTR,Độc lập,Nội thành,B2B
TGPP,60001286,KVMTR,Độc lập,Nội thành,B2B
TGPP,60001287,KVMTR,Độc lập,Nông thôn,B2B
TGPP,60001288,KVMTR,Độc lập,Nông thôn,B2B
TGPP,60001289,KVMTR,Độc lập,Nông thôn,B2B
TGPP,60001290,KVMTR,Độc lập,Nông thôn,B2B
TGPP,60001293,KVMTR,Độc lập,Nông thôn,B2B
TGPP,60001297,KVMTR,Độc lập,Nội thành,B2B
TGPP,60001299,KVMTR,Độc lập,Nông thôn,B2B
TGPP,60001300,KVMTR,Độc lập,Nông thôn,B2B
TGPP,60001301,KVMTR,Độc lập,Nông thôn,B2B
TGPP,60001302,KVMTR,Độc lập,Nông thôn,B2B
TGPP,60001304,KVMTR,Độc lập,Nông thôn,B2B
TGPP,60001307,KVMTR,Độc lập,Nội thành,B2B
TGPP,60001308,KVMTR,Độc lập,Nội thành,B2B
TGPP,60001317,KVMTR,Độc lập,Nông thôn,B2B
TGPP,60001319,KVMTR,Độc lập,Nông thôn,B2B
TGPP,60001320,KVMTR,Độc lập,Nội thành,B2B
TGPP,60001322,KVMTR,Độc lập,Nông thôn,B2B
TGPP,60001333,KVMTR,Độc lập,Nội thành,B2B
TGPP,60001334,KVMTR,Độc lập,Nội thành,B2B
TGPP,60001335,KVMTR,Độc lập,Nông thôn,B2B
TGPP,60001337,KVMTR,Độc lập,Nông thôn,B2B
TGPP,60001338,KVMTR,Độc lập,Nội thành,B2B
TGPP,60001339,KVMTR,Độc lập,Nông thôn,B2B
TGPP,60001344,KVMTR,Độc lập,Nội thành,B2B
TGPP,60001345,KVMTR,Độc lập,Nông thôn,B2B
TGPP,60001348,KVTN,Store In Store,Nội thành,B2B
TGPP,60001349,KVTN,Độc lập,Nội thành,B2B
TGPP,60001350,KVTN,Độc lập,Nội thành,B2B
TGPP,60001351,KVTN,Độc lập,Nông thôn,B2B
TGPP,60001352,KVTN,Độc lập,Nông thôn,B2B
TGPP,60001356,KVTN,Độc lập,Nông thôn,B2B
TGPP,60001357,KVTN,Độc lập,Nông thôn,B2B
TGPP,60001361,KVTN,Độc lập,Nông thôn,B2B
TGPP,60001362,KVTN,Độc lập,Nông thôn,B2B
TGPP,60001363,KVTN,Độc lập,Nông thôn,B2B
TGPP,60001366,KVTN,Độc lập,Nông thôn,B2B
TGPP,60001367,KVTN,Độc lập,Nội thành,B2B
TGPP,60001370,KVTN,Độc lập,Nông thôn,B2B
TGPP,60001381,KVMN,Độc lập,Nông thôn,B2B
TGPP,60001388,KVTN,Độc lập,Nội thành,B2B
TGPP,60001393,KVMT,Độc lập,Nông thôn,B2B
TGPP,60001425,KVMB,Độc lập,Nông thôn,B2B
TGPP,60001437,KVMB,Độc lập,Nông thôn,B2B
TGPP,60001442,KVMB,Độc lập,Nội thành,B2B
TGPP,60001443,KVMB,Độc lập,Nông thôn,B2B
TGPP,60001446,KVMB,Độc lập,Nội thành,B2B
TGPP,60001447,KVMB,Độc lập,Nông thôn,B2B
TGPP,60001468,KVMB,Độc lập,TT hành chính kinh tế,B2B
TGPP,60001469,KVMB,Độc lập,TT hành chính kinh tế,B2B
TGPP,60001471,KVMB,Độc lập,TT hành chính kinh tế,B2B
TGPP,60001475,KVMB,Độc lập,Nội thành,B2B
TGPP,60001476,KVMB,Độc lập,Nội thành,B2B
TGPP,60001479,KVMB,Độc lập,Nội thành,B2B
TGPP,60001481,KVMB,Độc lập,Nội thành,B2B
TGPP,60001482,KVMB,Độc lập,Nội thành,B2B
TGPP,60001485,KVMB,Độc lập,Nội thành,B2B
TGPP,60001486,KVMB,Độc lập,Nội thành,B2B
TGPP,60001487,KVMB,Độc lập,Nội thành,B2B
TGPP,60001491,KVMB,Độc lập,Nội thành,B2B
TGPP,60001493,KVMB,Độc lập,Nội thành,B2B
TGPP,60001494,KVMB,Độc lập,Nội thành,B2B
TGPP,60001498,KVMB,Độc lập,Nội thành,B2B
TGPP,60001499,KVMB,Độc lập,Nội thành,B2B
TGPP,60001503,KVMB,Độc lập,Nội thành,B2B
TGPP,60001505,KVMB,Độc lập,Nội thành,B2B
TGPP,60001507,KVMB,Độc lập,Nội thành,B2B
TGPP,60001510,KVMB,Độc lập,Nội thành,B2B
TGPP,60001511,KVMB,Độc lập,Nội thành,B2B
TGPP,60001518,KVMB,Độc lập,Nội thành,B2B
TGPP,60001519,KVMB,Độc lập,Nội thành,B2B
TGPP,60001520,KVMB,Độc lập,Nội thành,B2B
TGPP,60001524,KVMB,Độc lập,Nội thành,B2B
TGPP,60001525,KVMB,Độc lập,Nội thành,B2B
TGPP,60001531,KVMB,Độc lập,Nội thành,B2B
TGPP,60001537,KVMB,Độc lập,Nội thành,B2B
TGPP,60001541,KVMB,Độc lập,Nội thành,B2B
TGPP,60001543,KVMB,Độc lập,Nội thành,B2B
TGPP,60001544,KVMB,Độc lập,Nội thành,B2B
TGPP,60001546,KVMB,Độc lập,Nội thành,B2B
TGPP,60001548,KVMB,Độc lập,Nội thành,B2B
TGPP,60001549,KVMB,Độc lập,Nội thành,B2B
TGPP,60001552,KVMB,Độc lập,Nội thành,B2B
TGPP,60001554,KVMB,Độc lập,Nội thành,B2B
TGPP,60001555,KVMB,Độc lập,Nội thành,B2B
TGPP,60001557,KVMB,Độc lập,Nội thành,B2B
TGPP,60001558,KVMB,Độc lập,Nội thành,B2B
TGPP,60001559,KVMB,Độc lập,Nội thành,B2B
TGPP,60001560,KVMB,Độc lập,Nội thành,B2B
TGPP,60001563,KVMB,Độc lập,Nội thành,B2B
TGPP,60001565,KVMB,Độc lập,Nội thành,B2B
TGPP,60001566,KVMB,Độc lập,Nội thành,B2B
TGPP,60001568,KVMB,Độc lập,Nội thành,B2B
TGPP,60001569,KVMB,Độc lập,Nội thành,B2B
TGPP,60001574,KVMB,Độc lập,Nội thành,B2B
TGPP,60001576,KVMB,Độc lập,Nội thành,B2B
TGPP,60001580,KVMB,Độc lập,Nội thành,B2B
TGPP,60001581,KVMB,Độc lập,Nội thành,B2B
TGPP,60001585,KVMB,Độc lập,Nội thành,B2B
TGPP,60001588,KVMB,Độc lập,Nội thành,B2B
TGPP,60001590,KVMB,Độc lập,Nội thành,B2B
TGPP,60001591,KVMB,Độc lập,Nội thành,B2B
TGPP,60001599,KVMB,Độc lập,Nội thành,B2B
TGPP,60001600,KVMB,Độc lập,Nội thành,B2B
TGPP,60001604,KVMB,Độc lập,Nội thành,B2B
TGPP,60001606,KVMB,Độc lập,Nội thành,B2B
TGPP,60001609,KVMB,Độc lập,Nội thành,B2B
TGPP,60001610,KVMB,Độc lập,Nội thành,B2B
TGPP,60001618,KVMB,Độc lập,Nội thành,B2B
TGPP,60001629,KVMB,Độc lập,Nội thành,B2B
TGPP,60001636,KVMB,Độc lập,TT hành chính kinh tế,B2B
TGPP,60001642,KVMB,Độc lập,Nông thôn,B2B
TGPP,60001650,KVMB,Độc lập,Nội thành,B2B
TGPP,60001653,KVMB,Độc lập,Nông thôn,B2B
TGPP,60001654,KVMB,Độc lập,Nội thành,B2B
TGPP,60001655,KVMB,Độc lập,Nội thành,B2B
TGPP,60001659,KVMB,Độc lập,Nông thôn,B2B
TGPP,60001666,KVMB,Độc lập,Nội thành,B2B
TGPP,60001669,KVMB,Độc lập,Nông thôn,B2B
TGPP,60001677,KVMB,Độc lập,Nội thành,B2B
TGPP,60001678,KVMB,Độc lập,Nội thành,B2B
ONLINE,60001679,Khác,Online,Khác,B2C
TGPP,60001692,KVMB,Độc lập,Nội thành,B2B
TGPP,60001693,KVMB,Độc lập,Nội thành,B2B
TGPP,60001696,KVMB,Độc lập,Nông thôn,B2B
TGPP,60001703,KVMB,Độc lập,Nội thành,B2B
TGPP,60001704,KVMB,Độc lập,Nội thành,B2B
TGPP,60001707,KVMB,Độc lập,Nội thành,B2B
TGPP,60001709,KVMB,Độc lập,Nông thôn,B2B
TGPP,60001712,KVMB,Độc lập,Nông thôn,B2B
TGPP,60001721,KVMB,Độc lập,Nông thôn,B2B
TGPP,60001724,KVMB,Độc lập,Nông thôn,B2B
TGPP,60001736,KVMB,Độc lập,Nông thôn,B2B
TGPP,60001737,KVMB,Độc lập,Nội thành,B2B
TGPP,60001738,KVMB,Độc lập,Nội thành,B2B
TGPP,60001739,KVMB,Độc lập,Nông thôn,B2B
TGPP,60001740,KVMB,Độc lập,Nông thôn,B2B
TGPP,60001743,KVMB,Độc lập,Nội thành,B2B
TGPP,60001745,KVMB,Độc lập,Nông thôn,B2B
TGPP,60001752,KVMB,Độc lập,Nông thôn,B2B
TGPP,60001753,KVMB,Độc lập,Nông thôn,B2B
TGPP,60001755,KVMB,Độc lập,Nội thành,B2B
TGPP,60001764,KVMB,Độc lập,Nông thôn,B2B
TGPP,60001771,KVMB,Độc lập,Nội thành,B2B
TGPP,60001783,KVMB,Độc lập,Nông thôn,B2B
TGPP,60001784,KVMB,Độc lập,Nội thành,B2B
TGPP,60001786,KVMB,Độc lập,Nông thôn,B2B
TGPP,60001787,KVMB,Độc lập,Nội thành,B2B
TGPP,60001788,KVMB,Độc lập,Nội thành,B2B
TGPP,60001789,KVMB,Độc lập,Nội thành,B2B
TGPP,60001790,KVMB,Độc lập,Nội thành,B2B
TGPP,60001794,KVMB,Độc lập,Nội thành,B2B
TGPP,60001795,KVMB,Độc lập,Nội thành,B2B
TGPP,60001796,KVMB,Độc lập,Nội thành,B2B
TGPP,60001798,KVMB,Độc lập,Nội thành,B2B
TGPP,60001800,KVMB,Độc lập,Nông thôn,B2B
TGPP,60001803,KVMB,Độc lập,Nông thôn,B2B
TGPP,60001804,KVMB,Độc lập,Nông thôn,B2B
TGPP,60001819,KVMB,Độc lập,Nông thôn,B2B
TGPP,60001825,KVMB,Độc lập,Nội thành,B2B
TGPP,60001826,KVMB,Độc lập,Nội thành,B2B
TGPP,60001830,KVMB,Độc lập,Nông thôn,B2B
TGPP,60001833,KVMB,Độc lập,Nội thành,B2B
TGPP,60001835,KVMB,Độc lập,Nội thành,B2B
TGPP,60001837,KVMB,Độc lập,Nội thành,B2B
TGPP,60001840,KVMB,Độc lập,Nông thôn,B2B
TGPP,60001844,KVMB,Độc lập,Nông thôn,B2B
TGPP,60001846,KVMB,Độc lập,Nội thành,B2B
TGPP,60001847,KVMB,Độc lập,Nông thôn,B2B
TGPP,60001854,KVMB,Độc lập,Nội thành,B2B
TGPP,60001855,KVMB,Độc lập,Nội thành,B2B
TGPP,60001856,KVMB,Độc lập,Nội thành,B2B
TGPP,60001860,KVMB,Độc lập,Nội thành,B2B
TGPP,60001864,KVMB,Độc lập,Nội thành,B2B
TGPP,60001867,KVMB,Độc lập,Nông thôn,B2B
TGPP,60001872,KVMB,Độc lập,Nông thôn,B2B
TGPP,60001875,KVMB,Độc lập,Nội thành,B2B
TGPP,60001878,KVMB,Độc lập,Nội thành,B2B
TGPP,60001879,KVMB,Độc lập,Nội thành,B2B
TGPP,60001881,KVMB,Độc lập,Nội thành,B2B
TGPP,60001885,KVMB,Độc lập,Nông thôn,B2B
TGPP,60001886,KVMB,Độc lập,Nông thôn,B2B
TGPP,60001889,KVMB,Độc lập,Nông thôn,B2B
TGPP,60001892,KVMB,Độc lập,Nông thôn,B2B
TGPP,60001908,KVMB,Độc lập,Nội thành,B2B
TGPP,60001916,KVMB,Độc lập,Nội thành,B2B
TGPP,60001919,KVMB,Độc lập,Nông thôn,B2B
TGPP,60001920,KVMB,Độc lập,Nội thành,B2B
TGPP,60001971,KVMB,Độc lập,Nông thôn,B2B
TGPP,60001980,KVMB,Độc lập,Nội thành,B2B
TGPP,60001986,KVMB,Độc lập,Nông thôn,B2B
TGPP,60001996,KVMT,Độc lập,Nông thôn,B2B
TGPP,60002019,KVMB,Độc lập,Nội thành,B2B
TGPP,60002022,KVMT,Độc lập,Nông thôn,B2B
TGPP,60002061,KVTN,Độc lập,Nội thành,B2B
TGPP,60002091,KVMB,Độc lập,TT hành chính kinh tế,B2B
TGPP,60002094,KVMB,Độc lập,Nội thành,B2B
TGPP,60002097,KVMB,Độc lập,Nông thôn,B2B
TGPP,60002102,KVMT,Độc lập,Nông thôn,B2B
TGPP,60002110,KVMN,Độc lập,Nội thành,B2B
TGPP,60002186,KVMN,Độc lập,Nông thôn,B2B
TGPP,60002195,KVMB,Độc lập,Nội thành,B2B
TGPP,60002200,KVMB,Độc lập,Nội thành,B2B
TGPP,60002207,KVTN,Độc lập,Nội thành,B2B
TGPP,60002237,KVMT,Độc lập,Nông thôn,B2B
TGPP,60002265,KVTN,Độc lập,Nông thôn,B2B
TGPP,60002270,KVTN,Độc lập,Nông thôn,B2B
TGPP,60002280,KVTN,Độc lập,Nông thôn,B2B
TGPP,60002282,KVMN,Độc lập,Nông thôn,B2B
TGPP,60002283,KVTN,Độc lập,Nông thôn,B2B
TGPP,60002301,KVMB,Độc lập,Nội thành,B2B
TGPP,60002320,KVMB,Độc lập,Nội thành,B2B
TGPP,60002330,KVMN,Độc lập,Nội thành,B2B
TGPP,60002426,KVMB,Độc lập,Nông thôn,B2B
TGPP,60002427,KVMTR,Độc lập,Nông thôn,B2B
TGPP,60002433,KVMN,Độc lập,Nội thành,B2B
TGPP,60002455,KVMTR,Độc lập,Nội thành,B2B
TGPP,60002472,KVMB,Độc lập,Nông thôn,B2B
TGPP,60002474,KVMT,Độc lập,Nông thôn,B2B
TGPP,60002501,KVMB,Độc lập,Nội thành,B2B
TGPP,60002506,KVMT,Độc lập,Nông thôn,B2B
TGPP,60002510,KVMT,Độc lập,Nông thôn,B2B
TGPP,60002516,KVMB,Độc lập,Nội thành,B2B
TGPP,60002517,KVMTR,Độc lập,Nông thôn,B2B
TGPP,60002518,KVMB,Độc lập,Nội thành,B2B
TGPP,60002519,KVTN,Độc lập,Nông thôn,B2B
TGPP,60002522,KVMB,Độc lập,Nội thành,B2B
TGPP,60002524,KVMB,Độc lập,Nông thôn,B2B
TGPP,60002533,KVMN,Độc lập,Nội thành,B2B
TGPP,60002535,KVMB,Độc lập,Nội thành,B2B
TGPP,60002547,KVMB,Độc lập,Nội thành,B2B
TGPP,60002564,KVMB,Độc lập,Nông thôn,B2B
TGPP,60002614,KVMN,Độc lập,Nông thôn,B2B
TGPP,60002640,KVTN,Độc lập,Nông thôn,B2B
TGPP,60002660,KVMN,Độc lập,Nội thành,B2B
TGPP,60002680,KVMTR,Độc lập,Nội thành,B2B
TGPP,60002695,KVMB,Độc lập,Nội thành,B2B
TGPP,60002696,KVMT,Độc lập,Nông thôn,B2B
TGPP,60002700,KVMB,Độc lập,Nông thôn,B2B
TGPP,60002710,KVMN,Độc lập,Nội thành,B2B
TGPP,60002711,KVMN,Độc lập,Nông thôn,B2B
TGPP,60002714,KVMN,Độc lập,Nội thành,B2B
TGPP,60002727,KVMB,Độc lập,Nông thôn,B2B
TGPP,60002729,KVMB,Độc lập,Nông thôn,B2B
TGPP,60002736,KVMB,Độc lập,Nông thôn,B2B
TGPP,60002737,KVMTR,Độc lập,Nông thôn,B2B
TGPP,60002745,KVMB,Độc lập,Nông thôn,B2B
TGPP,60002767,KVMN,Độc lập,Nội thành,B2B
TGPP,60002783,KVMB,Độc lập,Nội thành,B2B
TGPP,60002791,KVMB,Độc lập,Nội thành,B2B
TGPP,60002792,KVMB,Độc lập,Nội thành,B2B
TGPP,60002794,KVMB,Độc lập,Nông thôn,B2B
TGPP,60002795,KVMTR,Độc lập,Nông thôn,B2B
TGPP,60002810,KVMB,Độc lập,Nông thôn,B2B
TGPP,60002821,KVMTR,Độc lập,Nông thôn,B2B
TGPP,60002823,KVMT,Độc lập,Nông thôn,B2B
TGPP,60002824,KVMTR,Độc lập,Nội thành,B2B
TGPP,60002825,KVMB,Độc lập,Nội thành,B2B
TGPP,60002830,KVTN,Độc lập,Nông thôn,B2B
TGPP,60002842,KVMB,Độc lập,Nội thành,B2B
TGPP,60002850,KVMB,Độc lập,Nông thôn,B2B
TGPP,60002860,KVMN,Độc lập,Nông thôn,B2B
TGPP,60002865,KVMB,Độc lập,Nội thành,B2B
TGPP,60002897,KVTN,Độc lập,Nội thành,B2B
TGPP,60002910,KVMN,Độc lập,Nông thôn,B2B
TGPP,60002919,KVMN,Độc lập,Nông thôn,B2B
TGPP,60002926,KVMTR,Độc lập,Nội thành,B2B
TGPP,60002931,KVMTR,Độc lập,Nông thôn,B2B
TGPP,60002936,KVMN,Độc lập,Nông thôn,B2B
TGPP,60002940,KVMTR,Độc lập,Nông thôn,B2B
TGPP,60002941,KVMB,Độc lập,Nội thành,B2B
TGPP,60002952,KVMT,Độc lập,Nội thành,B2B
TGPP,60002967,KVTN,Độc lập,Nội thành,B2B
TGPP,60002997,KVMTR,Độc lập,TT hành chính kinh tế,B2B
TGPP,60003006,KVMTR,Độc lập,Nội thành,B2B
TGPP,60003013,KVMB,Độc lập,Nông thôn,B2B
TGPP,60003022,KVMTR,Độc lập,Nông thôn,B2B
TGPP,60003023,KVMB,Độc lập,Nội thành,B2B
TGPP,60003031,KVMN,Độc lập,Nông thôn,B2B
TGPP,60003039,KVMTR,Độc lập,Nông thôn,B2B
TGPP,60003040,KVMB,Độc lập,Nông thôn,B2B
TGPP,60003041,KVMB,Độc lập,Nội thành,B2B
TGPP,60003043,KVMB,Độc lập,Nội thành,B2B
TGPP,60003055,KVTN,Độc lập,Nông thôn,B2B
TGPP,60003060,KVMB,Độc lập,Nông thôn,B2B
TGPP,60003068,KVMN,Độc lập,Nông thôn,B2B
TGPP,60003076,KVMB,Độc lập,Nội thành,B2B
TGPP,60003084,KVMB,Độc lập,Nội thành,B2B
TGPP,60003088,KVMTR,Độc lập,TT hành chính kinh tế,B2B
TGPP,60003091,KVMB,Độc lập,Nội thành,B2B
TGPP,60003095,KVMT,Độc lập,Nội thành,B2B
TGPP,60003099,KVMT,Độc lập,Nông thôn,B2B
TGPP,60003118,KVMB,Độc lập,Nông thôn,B2B
TGPP,60003130,KVTN,Độc lập,Nội thành,B2B
TGPP,60003131,KVMTR,Độc lập,Nông thôn,B2B
TGPP,60003150,KVMN,Độc lập,Nông thôn,B2B
TGPP,60003170,KVTN,Độc lập,Nông thôn,B2B
TGPP,60003171,KVMN,Độc lập,Nông thôn,B2B
TGPP,60003173,KVMB,Độc lập,Nội thành,B2B
TGPP,60003192,KVMN,Độc lập,Nông thôn,B2B
TGPP,60003200,KVMT,Độc lập,Nội thành,B2B
TGPP,60003202,KVMT,Độc lập,Nông thôn,B2B
TGPP,60003205,KVMN,Độc lập,Nội thành,B2B
TGPP,60003206,KVTN,Độc lập,Nông thôn,B2B
TGPP,60003215,KVMN,Độc lập,Nông thôn,B2B
TGPP,60003240,KVMN,Độc lập,Nội thành,B2B
TGPP,60003242,KVTN,Độc lập,Nông thôn,B2B
TGPP,60003244,KVMB,Độc lập,Nông thôn,B2B
TGPP,60003245,KVMT,Độc lập,Nội thành,B2B
TGPP,60003256,KVMB,Độc lập,Nội thành,B2B
TGPP,60003266,KVTN,Độc lập,Nông thôn,B2B
TGPP,60003276,KVMB,Độc lập,Nội thành,B2B
TGPP,60003277,KVMB,Độc lập,Nội thành,B2B
TGPP,60003280,KVMN,Độc lập,Nội thành,B2B
TGPP,60003296,KVTN,Độc lập,Nội thành,B2B
TGPP,60003298,KVMN,Độc lập,Nội thành,B2B
TGPP,60003301,KVMB,Độc lập,Nội thành,B2B
TGPP,60003306,KVMTR,Độc lập,Nông thôn,B2B
TGPP,60003311,KVTN,Độc lập,Nông thôn,B2B
TGPP,60003312,KVTN,Độc lập,Nông thôn,B2B
TGPP,60003313,KVTN,Độc lập,Nội thành,B2B
TGPP,60003325,KVMN,Độc lập,Nông thôn,B2B
TGPP,60003326,KVMT,Độc lập,Nội thành,B2B
TGPP,60003330,KVMTR,Độc lập,Nông thôn,B2B
TGPP,60003351,KVTN,Độc lập,Nông thôn,B2B
TGPP,60003357,KVMB,Độc lập,Nông thôn,B2B
TGPP,60003358,KVMB,Độc lập,Nội thành,B2B
TGPP,60003359,KVMB,Độc lập,Nông thôn,B2B
TGPP,60003370,KVMB,Độc lập,Nông thôn,B2B
TGPP,60003381,KVTN,Độc lập,Nông thôn,B2B
TGPP,60003383,KVMN,Độc lập,Nội thành,B2B
TGPP,60003390,KVTN,Độc lập,Nội thành,B2B
TGPP,60003405,KVMN,Độc lập,Nội thành,B2B
TGPP,60003416,KVMB,Độc lập,Nội thành,B2B
TGPP,60003446,KVMTR,Độc lập,Nông thôn,B2B
TGPP,60003447,KVMTR,Độc lập,Nông thôn,B2B
TGPP,60003474,KVTN,Độc lập,Nông thôn,B2B
TGPP,60003476,KVMN,Độc lập,Nông thôn,B2B
TGPP,60003480,KVMT,Độc lập,Nội thành,B2B
TGPP,60003481,KVMB,Độc lập,Nội thành,B2B
TGPP,60003490,KVMB,Độc lập,Nội thành,B2B
TGPP,60003491,KVMTR,Độc lập,Nông thôn,B2B
TGPP,60003492,KVMB,Độc lập,Nội thành,B2B
TGPP,60003515,KVMN,Độc lập,Nông thôn,B2B
TGPP,60003516,KVMB,Độc lập,Nông thôn,B2B
TGPP,60003520,KVMB,Độc lập,Nội thành,B2B
TGPP,60003525,KVMB,Độc lập,Nông thôn,B2B
TGPP,60003535,KVMB,Store In Store,Nội thành,B2B
TGPP,60003540,KVMTR,Độc lập,Nông thôn,B2B
TGPP,60003541,KVMN,Độc lập,Nông thôn,B2B
TGPP,60003545,KVMT,Độc lập,Nông thôn,B2B
TGPP,60003551,KVMB,Độc lập,Nông thôn,B2B
TGPP,60003552,KVMB,Độc lập,Nông thôn,B2B
TGPP,60003566,KVMTR,Độc lập,Nông thôn,B2B
TGPP,60003580,KVMT,Độc lập,Nông thôn,B2B
TGPP,60003591,KVTN,Độc lập,Nông thôn,B2B
TGPP,60003592,KVMB,Độc lập,Nông thôn,B2B
TGPP,60003593,KVMB,Độc lập,Nông thôn,B2B
TGPP,60003600,KVMT,Độc lập,Nông thôn,B2B
TGPP,60003610,KVMN,Độc lập,Nội thành,B2B
TGPP,60003611,KVMN,Độc lập,Nông thôn,B2B
TGPP,60003620,KVMB,Độc lập,Nội thành,B2B
TGPP,60003625,KVMN,Độc lập,Nông thôn,B2B
TGPP,60003626,KVMB,Độc lập,Nông thôn,B2B
TGPP,60003627,KVTN,Độc lập,Nông thôn,B2B
TGPP,60003628,KVMB,Độc lập,Nội thành,B2B
TGPP,60003630,KVMT,Độc lập,Nông thôn,B2B
TGPP,60003635,KVMN,Độc lập,Nội thành,B2B
TGPP,60003645,KVMN,Độc lập,Nông thôn,B2B
TGPP,60003646,KVMB,Độc lập,Nội thành,B2B
TGPP,60003654,KVMN,Độc lập,Nông thôn,B2B
TGPP,60003655,KVMB,Độc lập,Nội thành,B2B
TGPP,60003666,KVMB,Độc lập,Nội thành,B2B
TGPP,60003670,KVMB,Độc lập,Nội thành,B2B
TGPP,60003675,KVMB,Độc lập,Nội thành,B2B
TGPP,60003680,KVMN,Store In Store,Nội thành,B2B
TGPP,60003690,KVMTR,Độc lập,Nông thôn,B2B
TGPP,60003692,KVMTR,Độc lập,Nội thành,B2B
TGPP,60003698,KVMT,Store In Store,Nội thành,B2B
TGPP,60003699,KVMB,Độc lập,Nông thôn,B2B
TGPP,60003702,KVMN,Độc lập,Nội thành,B2B
TGPP,60003703,KVMB,Độc lập,Nội thành,B2B
TGPP,60003704,KVMB,Độc lập,Nông thôn,B2B
TGPP,60003705,KVMB,Độc lập,Nội thành,B2B
TGPP,60003710,KVTN,Độc lập,Nội thành,B2B
TGPP,60003711,KVMB,Độc lập,Nông thôn,B2B
TGPP,60003712,KVMN,Độc lập,TT hành chính kinh tế,B2B
TGPP,60003716,KVMB,Độc lập,Nông thôn,B2B
TGPP,60003717,KVMB,Độc lập,Nội thành,B2B
TGPP,60003720,KVTN,Độc lập,Nội thành,B2B
TGPP,60003725,KVMB,Độc lập,Nội thành,B2B
ST,60003735,KVMB,Siêu thị,Nông thôn,B2B
TGPP,60003740,KVMTR,Độc lập,Nông thôn,B2B
TGPP,60003750,KVMB,Độc lập,Nông thôn,B2B
TGPP,60003780,KVMTR,Độc lập,Nội thành,B2B
TGPP,60003786,KVMB,Độc lập,Nông thôn,B2B
TGPP,60003795,KVMB,Độc lập,Nội thành,B2B
TGPP,60003800,KVMTR,Độc lập,Nông thôn,B2B
TGPP,60003805,KVMB,Độc lập,Nông thôn,B2B
ST,60003822,KVMB,Siêu thị,Nội thành,B2B
ST,60003824,KVMN,Siêu thị,Nội thành,B2B
ST,60003833,KVMN,Siêu thị,Nội thành,B2B
ST,60003834,KVMN,Siêu thị,Nội thành,B2B
ST,60003835,KVMN,Siêu thị,TT hành chính kinh tế,B2B
TGPP,60003843,KVMB,Độc lập,Nông thôn,B2B
TGPP,60003846,KVMB,Độc lập,Nội thành,B2B
TGPP,60003847,KVMN,Độc lập,Nông thôn,B2B
TGPP,60003848,KVMN,Khác,Khác,B2B
ST,60003821,KVMB,Siêu thị,Nông thôn,B2B
TGPP,20000255,Trung Quốc,Độc lập,Khác,B2B
TGPP,60003849,KVMT,Độc lập,Nông thôn,B2B
TGPP,60003851,KVTN,Độc lập,Nông thôn,B2B
ST,20000216,KVCA,Siêu thị,Khác,B2B
TGPP,60003850,KVMT,Độc lập,Nội thành,B2B
ST,60003816,KVMB,Siêu thị,Khác,B2B
TGPP,20000225,Trung Quốc,Độc lập,Khác,B2B
TGPP,60003860,KVMT,Độc lập,Nông thôn,B2B
CHTT,1631,KVTN,Độc lập,Nội thành,B2C
ONLINE,1800,Khác,Online,Khác,B2C
ST,60003845,KVMB,Siêu thị,Nội thành,B2B
TGPP,60003865,KVMB,Độc lập,Nội thành,B2B
TGPP,1400,KVTN,Khác,Khác,B2B
CHTT,1600,KVTN,Khác,Khác,B2C
CHTT,1400,KVMTR,Khác,Khác,B2C
CHTT,1899,Khác,Khác,Khác,B2C
TGPP,1899,Khác,Khác,Khác,B2B
TGPP,60003873,KVMB,Độc lập,Nội thành,B2B
TGPP,60003874,KVMB,Độc lập,Nội thành,B2B
TGPP,60003872,KVMN,Độc lập,Nông thôn,B2B
ST,60003876,KVMB,Siêu thị,Nội thành,B2B
ONLINE,60003875,Khác,Online,Khác,B2C
TGPP,60003870,KVMTR,Độc lập,Nông thôn,B2B
TGPP,60003878,KVMN,Độc lập,Nông thôn,B2B
TGPP,60003877,KVMN,Độc lập,Nông thôn,B2B
CHTT,1229,KVMB,Độc lập,Nội thành,B2C
CHTT,1629,KVTN,Độc lập,Nội thành,B2C
CHTT,1199,KVMN,Pop - up,Khác,B2C
CHTT,1599,KVMT,Pop - up,Khác,B2C
CHTT,1533,KVMT,Độc lập,Nội thành,B2C
TGPP,60003885,KVMN,Độc lập,Nông thôn,B2B
ST,60003886,KVMB,Siêu thị,Nội thành,B2B
TGPP,60003887,KVMN,Độc lập,Nội thành,B2B
TGPP,60003888,KVMN,Độc lập,Nội thành,B2B
CHTT,1264,KVMB,Độc lập,TT hành chính kinh tế,B2C
TGPP,60003889,KVMN,Độc lập,Nội thành,B2B
TGPP,60003890,KVMB,Độc lập,Nông thôn,B2B
TGPP,60003891,KVMB,Độc lập,Nông thôn,B2B
TGPP,60003892,KVMN,Độc lập,Nội thành,B2B
CHTT,1699,KVTN,Pop - up,Khác,B2C
CHTT,1299,KVMB,Pop - up,Khác,B2C
CHTT,1499,KVMTR,Pop - up,Khác,B2C
TGPP,60003893,KVMTR,Độc lập,Khác,B2B
ST,60003894,KVMB,Siêu thị,Nội thành,B2B
ST,60003895,KVMB,Siêu thị,Nội thành,B2B
ST,60003896,KVMB,Siêu thị,Nội thành,B2B
ST,60003897,KVMB,Siêu thị,Nội thành,B2B
ST,60003898,KVMB,Siêu thị,Nội thành,B2B
ST,60003899,KVMB,Siêu thị,Nội thành,B2B
ST,60003900,KVMB,Siêu thị,Nội thành,B2B
TGPP,60003901,KVMN,Độc lập,Nội thành,B2B
ST,60003902,KVMN,Siêu thị,Nội thành,B2B
ST,60003903,KVMN,Siêu thị,Nội thành,B2B
ST,60003904,KVMN,Siêu thị,Nội thành,B2B
ST,60003905,KVMN,Siêu thị,Nội thành,B2B
ST,60003906,KVMN,Siêu thị,Nội thành,B2B
ST,60003907,KVMN,Siêu thị,TT hành chính kinh tế,B2B
ST,60003908,KVMN,Siêu thị,Nội thành,B2B
TGPP,60003910,KVMB,Độc lập,Khác,B2B
TGPP,60003911,KVMB,Độc lập,Khác,B2B
TGPP,60003913,KVMB,Độc lập,Nội thành,B2B
TGPP,60003914,KVMN,Độc lập,Nội thành,B2B
TGPP,60003915,KVMB,Độc lập,Nội thành,B2B
TGPP,60003916,KVMT,Độc lập,Nội thành,B2B
TGPP,60003917,KVMB,Độc lập,Nông thôn,B2B
TGPP,60003918,KVMT,Độc lập,Nông thôn,B2B
TGPP,60003919,KVTN,Độc lập,Nội thành,B2B
TGPP,60003926,KVMT,Độc lập,Nội thành,B2B
TGPP,60003927,KVMB,Độc lập,Nội thành,B2B
TGPP,60003928,KVMN,Độc lập,Nội thành,B2B
TGPP,60003930,KVMB,Độc lập,Nội thành,B2B
TGPP,60003931,KVMN,Độc lập,Nội thành,B2B
ST,60003920,KVMN,Siêu thị,Nội thành,B2B
ST,60003921,KVMN,Siêu thị,Nội thành,B2B
ST,60003922,KVMN,Siêu thị,Nội thành,B2B
ST,60003923,KVMN,Siêu thị,Nội thành,B2B
ST,60003924,KVMN,Siêu thị,Nội thành,B2B
ST,60003925,KVMT,Siêu thị,Nội thành,B2B
ST,60003932,KVMN,Siêu thị,Nội thành,B2B
TGPP,60000810,KVMT,Độc lập,Nông thôn,B2B
TGPP,60003933,KVMT,Độc lập,Nông thôn,B2B
TGPP,60003934,KVMN,Độc lập,Nội thành,B2B
ST,60003935,KVMB,Siêu thị,Nội thành,B2B
ST,60003936,KVMN,Siêu thị,Nội thành,B2B
TGPP,60003945,KVMB,Độc lập,Nội thành,B2B
TGPP,60003946,KVMB,Độc lập,Nội thành,B2B
TGPP,60003947,KVMB,Độc lập,Nông thôn,B2B
ST,60003948,KVMN,Siêu thị,Nội thành,B2B
ST,60003949,KVMN,Siêu thị,Nội thành,B2B
TGPP,60003950,KVMB,Độc lập,Nông thôn,B2B
CHTT,1171,KVMN,Độc lập,Nội thành,B2C
TGPP,20000285,KVCA,Độc lập,Nông thôn,B2B
TGPP,60003951,KVMB,Độc lập,Nông thôn,B2B
TGPP,60003953,KVMB,Độc lập,Nội thành,B2B
TGPP,60003954,KVMB,Độc lập,Nông thôn,B2B
ST,60003955,KVMN,Siêu thị,Nội thành,B2B
TGPP,60003956,KVMB,Độc lập,Nội thành,B2B
CHTT,1172,KVMN,Độc lập,Nội thành,B2C
CHTT,1173,KVMN,Độc lập,Nội thành,B2C
TGPP,60003961,KVMN,Độc lập,Nội thành,B2B
TGPP,60003962,KVMB,Độc lập,Nông thôn,B2B
TGPP,60003963,KVMB,Độc lập,Nông thôn,B2B
TGPP,60003964,KVMN,Độc lập,Nông thôn,B2B
TGPP,60003975,KVMN,Độc lập,Nông thôn,B2B
TGPP,60003976,KVTN,Độc lập,Nông thôn,B2B
TGPP,60003977,KVMB,Độc lập,Nông thôn,B2B
TGPP,60003980,KVMT,Độc lập,Nông thôn,B2B
TGPP,60003981,KVMTR,Độc lập,Nông thôn,B2B
TGPP,60003982,KVMN,Độc lập,Nội thành,B2B
TGPP,60003983,KVMB,Độc lập,Nông thôn,B2B
TGPP,60003984,KVTN,Độc lập,Nông thôn,B2B
CHTT,2001,KVCA,Pop - up,TT hành chính kinh tế,B2C
ST,2001,KVCA,Pop - up,TT hành chính kinh tế,B2B
CHTT,1174,KVMN,Độc lập,Nông thôn,B2C
TGPP,60003985,KVMT,Độc lập,TT hành chính kinh tế,B2B
TGPP,60003986,KVMB,Độc lập,Nội thành,B2B
TGPP,1100,KVMN,Độc lập,Nông thôn,B2B
TGPP,1100,KVMN,Độc lập,Nội thành,B2B
TGPP,2001,KVCA,Độc lập,Khác,B2B
TGPP,60003989,KVMB,Độc lập,Nội thành,B2B
TGPP,60003990,KVMN,Độc lập,Nội thành,B2B
TGPP,60003991,KVMN,Độc lập,Nông thôn,B2B
TGPP,60003992,KVMN,Độc lập,Nông thôn,B2B
TGPP,60003993,KVMTR,Độc lập,Nội thành,B2B
TGPP,60003994,KVMN,Độc lập,Nội thành,B2B
TGPP,60004005,KVMB,Độc lập,Nông thôn,B2B
CHTT,1175,KVMN,Độc lập,Nội thành,B2C
CHTT,1176,KVMN,Độc lập,Nông thôn,B2C
TGPP,60004006,KVMN,Độc lập,Nội thành,B2B
TGPP,60004007,KVMN,Độc lập,Nội thành,B2B
TGPP,60004008,KVMN,Độc lập,Nội thành,B2B
TGPP,60004009,KVMT,Độc lập,Nông thôn,B2B
TGPP,60004015,KVMB,Độc lập,Nội thành,B2B
TGPP,60004016,KVMB,Độc lập,Nông thôn,B2B
TGPP,60004017,KVMB,Độc lập,Nông thôn,B2B
TGPP,60004010,KVMN,Độc lập,Nội thành,B2B
TGPP,60004018,KVMN,Độc lập,Nội thành,B2B
TGPP,60004019,KVMT,Độc lập,Nông thôn,B2B
TGPP,60004026,KVMN,Độc lập,Nội thành,B2B
TGPP,60004027,KVMB,Độc lập,Nội thành,B2B
TGPP,60004028,KVMN,Độc lập,Nội thành,B2B
TGPP,60004029,KVMB,Độc lập,Nội thành,B2B
TGPP,60004030,KVMB,Độc lập,Nội thành,B2B
TGPP,60004031,KVMN,Độc lập,Nông thôn,B2B
TGPP,60004032,KVMB,Độc lập,Nội thành,B2B
TGPP,60004033,KVMN,Độc lập,Nội thành,B2B
TGPP,60004034,KVMB,Độc lập,Nội thành,B2B
TGPP,60004040,KVTN,Độc lập,Nông thôn,B2B
TGPP,60004041,KVMTR,Độc lập,Nội thành,B2B
TGPP,60004042,KVMN,Độc lập,Nội thành,B2B
TGPP,60004043,KVMN,Độc lập,Nội thành,B2B
TGPP,60004044,KVMN,Độc lập,Nội thành,B2B
TGPP,60004045,KVMN,Độc lập,Nội thành,B2B
TGPP,60004046,KVMN,Độc lập,Nội thành,B2B
TGPP,60004047,KVMN,Độc lập,Nội thành,B2B
ST,20000300,KVCA,Độc lập,TT hành chính kinh tế,B2B
ST,20000301,KVCA,Độc lập,TT hành chính kinh tế,B2B
TGPP,60004054,KVMB,Độc lập,Nội thành,B2B
TGPP,60004055,KVMN,Độc lập,Nông thôn,B2B
TGPP,60004056,KVMB,Độc lập,Nội thành,B2B
TGPP,60004057,KVMN,Độc lập,Nội thành,B2B
TGPP,60004058,KVMB,Độc lập,Nội thành,B2B
TGPP,60004059,KVMN,Độc lập,Nội thành,B2B
TGPP,60004061,KVMB,Độc lập,Nội thành,B2B
ST,60004070,KVMN,Độc lập,Nội thành,B2B
TGPP,60004071,KVMB,Độc lập,Nông thôn,B2B
TGPP,60004072,KVMN,Độc lập,Nội thành,B2B
TGPP,60004073,KVMB,Độc lập,TT hành chính kinh tế,B2B
TGPP,60004074,KVMN,Độc lập,Nông thôn,B2B
TGPP,60004075,KVMN,Độc lập,Nội thành,B2B
